min/max(dweight) = 13035.8/9.38619e+06
16/01/25 - 13:11:18 - pyGIMLi - [0;32;49mINFO[0m - Starting inversion.
use model trans from RegionManager
min/max(dweight) = 13035.8/9.38619e+06
Building constraints matrix
constraint matrix of size(nBounds x nModel) 1 x 3
check Jacobian: wrong dimensions: (0x0) should be (18x3)  force: 1
jacobian size invalid, forced recalc: 1
Calculating Jacobian matrix (forced=1)...... 2500.29 s
min data = 0.00010654 max data = 0.076712 (18)
min error = 0.001 max error = 0.001 (18)
min response = 3.35394e-05 max response = 0.051308 (18)
calc without reference model
0: rms/rrms(data, response) = 0.0100521/44.1948%
0: chi^2(data, response, error, log) = 195318
0: Phi = 3.51572e+06 + 0 * 0 = 3.51572e+06
solve CGLSCDWWtrans with lambda = 0
1: LS newModel: min = 0.0318037; max = 0.6
1: LS newResponse: min = 0.000113483; max = 0.0755649
1: rms/rrms(data, LS newResponse) = 0.00434426/34.8375%
1: chi^2(data, LS newResponse, error, log) = 121365
1: Phi = 2.18457e+06+39.4579*0=2.18457e+06
Performing line search with tau = 0.68
1: Model: min = 0.0367589; max = 0.6
1: Response: min = 0.000105332; max = 0.0756299
1: rms/rrms(data, Response) = 0.00444332/36.8226%
1: chi^2(data, Response, error, log) = 135590
1: Phi = 2.44063e+06+18.2453*0=2.44063e+06
Calculating Jacobian matrix (forced=1)...... 3293.32 s
solve CGLSCDWWtrans with lambda = 0
Performing line search with tau = 1
2: Model: min = 0.0273639; max = 0.6
2: Response: min = 9.22791e-05; max = 0.0676086
2: rms/rrms(data, Response) = 0.00470174/26.4662%
2: chi^2(data, Response, error, log) = 70045.9
2: Phi = 1.26083e+06+21.271*0=1.26083e+06
Calculating Jacobian matrix (forced=1)...... 2972.98 s
solve CGLSCDWWtrans with lambda = 0
Performing line search with tau = 1
3: Model: min = 0.0248631; max = 0.6
3: Response: min = 9.07126e-05; max = 0.0659413
3: rms/rrms(data, Response) = 0.00499635/25.9559%
3: chi^2(data, Response, error, log) = 67371.1
3: Phi = 1.21268e+06+23.4245*0=1.21268e+06
Calculating Jacobian matrix (forced=1)...... 2487.42 s
solve CGLSCDWWtrans with lambda = 0
Performing line search with tau = 0.99
4: Model: min = 0.0247553; max = 0.6
4: Response: min = 9.05328e-05; max = 0.0658358
4: rms/rrms(data, Response) = 0.00501693/25.9546%
4: chi^2(data, Response, error, log) = 67364.2
4: Phi = 1.21256e+06+23.4482*0=1.21256e+06
min/max(dweight) = 12970.3/9.37442e+06
16/01/25 - 17:21:43 - pyGIMLi - [0;32;49mINFO[0m - Starting inversion.
use model trans from RegionManager
min/max(dweight) = 12970.3/9.37442e+06
Building constraints matrix
constraint matrix of size(nBounds x nModel) 1 x 3
check Jacobian: wrong dimensions: (0x0) should be (18x3)  force: 1
jacobian size invalid, forced recalc: 1
Calculating Jacobian matrix (forced=1)...... 3125 s
min data = 0.000106673 max data = 0.077099 (18)
min error = 0.001 max error = 0.001 (18)
min response = 3.35944e-05 max response = 0.0513008 (18)
calc without reference model
0: rms/rrms(data, response) = 0.0101965/44.3525%
0: chi^2(data, response, error, log) = 196714
0: Phi = 3.54085e+06 + 0 * 0 = 3.54085e+06
solve CGLSCDWWtrans with lambda = 0
Initialized
fop: <__main__.FDEM25DModelling object at 0x7fd363f0ef70>
Data transformation: <pgcore._pygimli_.RTrans object at 0x7fd363ea5700>
Model transformation (cumulative):
	 0 <pgcore._pygimli_.RTransLogLU object at 0x7fd363f0f1a0>
	 1 <pgcore._pygimli_.RTransLogLU object at 0x7fd363f0f240>
min/max (data): 1.1e-04/0.08
min/max (error): 0.1%/0.1%
min/max (start model): 0.05/0.6
--------------------------------------------------------------------------------
sigma: [0.05 0.05]
thicks: [0.6]
src x: 10.993377754461774
src z: -0.7632697488373053
Solving sources...
getting magnetic fields...
magnetic field at receivers...
getting output components
Done in 835.1725888252258 seconds!
sigma: [0.05 0.05]
thicks: [0.6]
src x: 10.993377754461774
src z: -0.7632697488373053
Solving sources...
getting magnetic fields...
magnetic field at receivers...
getting output components
Done in 1027.1630985736847 seconds!
sigma: [0.05 0.05]
thicks: [0.6001]
src x: 10.993377754461774
src z: -0.7632697488373053
Solving sources...
getting magnetic fields...
magnetic field at receivers...
getting output components
Done in 516.5099713802338 seconds!
sigma: [0.0501 0.05  ]
thicks: [0.6]
src x: 10.993377754461774
src z: -0.7632697488373053
Solving sources...
getting magnetic fields...
magnetic field at receivers...
getting output components
Done in 459.50729608535767 seconds!
sigma: [0.05   0.0501]
thicks: [0.6]
src x: 10.993377754461774
src z: -0.7632697488373053
Solving sources...
getting magnetic fields...
magnetic field at receivers...
getting output components
Done in 485.62603187561035 seconds!
inv.iter 0 ... chi² = 195317.61
--------------------------------------------------------------------------------
inv.iter 1 ... sigma: [0.29458021 0.03180375]
thicks: [0.6]
src x: 10.993377754461774
src z: -0.7632697488373053
Solving sources...
getting magnetic fields...
magnetic field at receivers...
getting output components
Done in 474.5379755496979 seconds!
sigma: [0.26940264 0.03675894]
thicks: [0.6]
src x: 10.993377754461774
src z: -0.7632697488373053
Solving sources...
getting magnetic fields...
magnetic field at receivers...
getting output components
Done in 456.83434653282166 seconds!
chi² = 135590.30 (dPhi = 30.58%) lam: 0.0
--------------------------------------------------------------------------------
inv.iter 2 ... sigma: [0.26940264 0.03675894]
thicks: [0.6]
src x: 10.993377754461774
src z: -0.7632697488373053
Solving sources...
getting magnetic fields...
magnetic field at receivers...
getting output components
Done in 846.3539636135101 seconds!
sigma: [0.26940264 0.03675894]
thicks: [0.6001]
src x: 10.993377754461774
src z: -0.7632697488373053
Solving sources...
getting magnetic fields...
magnetic field at receivers...
getting output components
Done in 1138.0699384212494 seconds!
sigma: [0.26950264 0.03675894]
thicks: [0.6]
src x: 10.993377754461774
src z: -0.7632697488373053
Solving sources...
getting magnetic fields...
magnetic field at receivers...
getting output components
Done in 551.3903999328613 seconds!
sigma: [0.26940264 0.03685894]
thicks: [0.6]
src x: 10.993377754461774
src z: -0.7632697488373053
Solving sources...
getting magnetic fields...
magnetic field at receivers...
getting output components
Done in 743.5327405929565 seconds!
sigma: [0.26814078 0.0273639 ]
thicks: [0.6]
src x: 10.993377754461774
src z: -0.7632697488373053
Solving sources...
getting magnetic fields...
magnetic field at receivers...
getting output components
Done in 449.7482166290283 seconds!
chi² = 70045.91 (dPhi = 48.34%) lam: 0.0
--------------------------------------------------------------------------------
inv.iter 3 ... sigma: [0.26814078 0.0273639 ]
thicks: [0.6]
src x: 10.993377754461774
src z: -0.7632697488373053
Solving sources...
getting magnetic fields...
magnetic field at receivers...
getting output components
Done in 473.5070147514343 seconds!
sigma: [0.26814078 0.0273639 ]
thicks: [0.6001]
src x: 10.993377754461774
src z: -0.7632697488373053
Solving sources...
getting magnetic fields...
magnetic field at receivers...
getting output components
Done in 770.2372033596039 seconds!
sigma: [0.26824078 0.0273639 ]
thicks: [0.6]
src x: 10.993377754461774
src z: -0.7632697488373053
Solving sources...
getting magnetic fields...
magnetic field at receivers...
getting output components
Done in 1058.078216791153 seconds!
sigma: [0.26814078 0.0274639 ]
thicks: [0.6]
src x: 10.993377754461774
src z: -0.7632697488373053
Solving sources...
getting magnetic fields...
magnetic field at receivers...
getting output components
Done in 663.2296805381775 seconds!
sigma: [0.27087632 0.02486315]
thicks: [0.6]
src x: 10.993377754461774
src z: -0.7632697488373053
Solving sources...
getting magnetic fields...
magnetic field at receivers...
getting output components
Done in 775.9629080295563 seconds!
chi² = 67371.07 (dPhi = 3.82%) lam: 0.0
--------------------------------------------------------------------------------
inv.iter 4 ... sigma: [0.27087632 0.02486315]
thicks: [0.6]
src x: 10.993377754461774
src z: -0.7632697488373053
Solving sources...
getting magnetic fields...
magnetic field at receivers...
getting output components
Done in 784.7266547679901 seconds!
sigma: [0.27087632 0.02486315]
thicks: [0.6001]
src x: 10.993377754461774
src z: -0.7632697488373053
Solving sources...
getting magnetic fields...
magnetic field at receivers...
getting output components
Done in 761.852180480957 seconds!
sigma: [0.27097632 0.02486315]
thicks: [0.6]
src x: 10.993377754461774
src z: -0.7632697488373053
Solving sources...
getting magnetic fields...
magnetic field at receivers...
getting output components
Done in 503.66566157341003 seconds!
sigma: [0.27087632 0.02496315]
thicks: [0.6]
src x: 10.993377754461774
src z: -0.7632697488373053
Solving sources...
getting magnetic fields...
magnetic field at receivers...
getting output components
Done in 427.9739441871643 seconds!
sigma: [0.2707875  0.02475533]
thicks: [0.6]
src x: 10.993377754461774
src z: -0.7632697488373053
Solving sources...
getting magnetic fields...
magnetic field at receivers...
getting output components
Done in 756.2380759716034 seconds!
chi² = 67364.19 (dPhi = 0.01%) lam: 0.0
################################################################################
#                Abort criterion reached: dPhi = 0.01 (< 2.0%)                 #
################################################################################
Initialized
fop: <__main__.FDEM25DModelling object at 0x7fd3635bbbf0>
Data transformation: <pgcore._pygimli_.RTrans object at 0x7fd36358cf20>
Model transformation (cumulative):
	 0 <pgcore._pygimli_.RTransLogLU object at 0x7fd3635b98a0>
	 1 <pgcore._pygimli_.RTransLogLU object at 0x7fd3635ba660>
min/max (data): 1.1e-04/0.08
min/max (error): 0.1%/0.1%
min/max (start model): 0.05/0.6
--------------------------------------------------------------------------------
sigma: [0.05 0.05]
thicks: [0.6]
src x: 11.993200983140108
src z: -0.7478234451939618
Solving sources...
getting magnetic fields...
magnetic field at receivers...
getting output components
Done in 891.6657524108887 seconds!
sigma: [0.05 0.05]
thicks: [0.6]
src x: 11.993200983140108
src z: -0.7478234451939618
Solving sources...
getting magnetic fields...
magnetic field at receivers...
getting output components
Done in 817.8544054031372 seconds!
sigma: [0.05 0.05]
thicks: [0.6001]
src x: 11.993200983140108
src z: -0.7478234451939618
Solving sources...
getting magnetic fields...
magnetic field at receivers...
getting output components
Done in 858.2867636680603 seconds!
sigma: [0.0501 0.05  ]
thicks: [0.6]
src x: 11.993200983140108
src z: -0.7478234451939618
Solving sources...
getting magnetic fields...
magnetic field at receivers...
getting output components
Done in 470.1454451084137 seconds!
sigma: [0.05   0.0501]
thicks: [0.6]
src x: 11.993200983140108
src z: -0.7478234451939618
Solving sources...
getting magnetic fields...
magnetic field at receivers...
getting output components
Done in 938.7666471004486 seconds!
inv.iter 0 ... chi² = 196714.01
--------------------------------------------------------------------------------
inv.iter 1 ... sigma: 1: LS newModel: min = 0.0318365; max = 0.6
1: LS newResponse: min = 0.000113852; max = 0.0756142
1: rms/rrms(data, LS newResponse) = 0.00439466/34.5379%
1: chi^2(data, LS newResponse, error, log) = 119287
1: Phi = 2.14716e+06+39.8936*0=2.14716e+06
Performing line search with tau = 0.69
1: Model: min = 0.0366187; max = 0.6
1: Response: min = 0.000106593; max = 0.0758534
1: rms/rrms(data, Response) = 0.00452006/36.6527%
1: chi^2(data, Response, error, log) = 134342
1: Phi = 2.41816e+06+18.9933*0=2.41816e+06
Calculating Jacobian matrix (forced=1)...... 3019.54 s
solve CGLSCDWWtrans with lambda = 0
Performing line search with tau = 1
2: Model: min = 0.0273463; max = 0.6
2: Response: min = 9.31656e-05; max = 0.0678008
2: rms/rrms(data, Response) = 0.00474626/26.434%
2: chi^2(data, Response, error, log) = 69875.7
2: Phi = 1.25776e+06+21.7212*0=1.25776e+06
Calculating Jacobian matrix (forced=1)...... 2272.86 s
solve CGLSCDWWtrans with lambda = 0
Performing line search with tau = 1
3: Model: min = 0.0248998; max = 0.6
3: Response: min = 9.1582e-05; max = 0.0661567
3: rms/rrms(data, Response) = 0.00502413/25.9459%
3: chi^2(data, Response, error, log) = 67318.9
3: Phi = 1.21174e+06+23.8532*0=1.21174e+06
Calculating Jacobian matrix (forced=1)...... 1873.81 s
solve CGLSCDWWtrans with lambda = 0
Performing line search with tau = 0.99
4: Model: min = 0.024795; max = 0.6
4: Response: min = 9.14088e-05; max = 0.066055
4: rms/rrms(data, Response) = 0.00504345/25.9447%
4: chi^2(data, Response, error, log) = 67312.5
4: Phi = 1.21163e+06+23.8769*0=1.21163e+06
min/max(dweight) = 12851.4/9.18608e+06
16/01/25 - 21:23:36 - pyGIMLi - [0;32;49mINFO[0m - Starting inversion.
use model trans from RegionManager
min/max(dweight) = 12851.4/9.18608e+06
Building constraints matrix
constraint matrix of size(nBounds x nModel) 1 x 3
check Jacobian: wrong dimensions: (0x0) should be (18x3)  force: 1
jacobian size invalid, forced recalc: 1
Calculating Jacobian matrix (forced=1)...... 2786.58 s
min data = 0.00010886 max data = 0.0778128 (18)
min error = 0.001 max error = 0.001 (18)
min response = 3.36094e-05 max response = 0.0512988 (18)
calc without reference model
0: rms/rrms(data, response) = 0.0104319/43.9983%
0: chi^2(data, response, error, log) = 193585
0: Phi = 3.48454e+06 + 0 * 0 = 3.48454e+06
solve CGLSCDWWtrans with lambda = 0
1: LS newModel: min = 0.0325345; max = 0.6
1: LS newResponse: min = 0.000114941; max = 0.076208
1: rms/rrms(data, LS newResponse) = 0.00454941/33.1547%
1: chi^2(data, LS newResponse, error, log) = 109923
1: Phi = 1.97862e+06+39.7984*0=1.97862e+06
Performing line search with tau = 0.71
1: Model: min = 0.0368549; max = 0.6
1: Response: min = 0.000108825; max = 0.0765503
1: rms/rrms(data, Response) = 0.00469543/35.1124%
1: chi^2(data, Response, error, log) = 123288
1: Phi = 2.21919e+06+20.0624*0=2.21919e+06
Calculating Jacobian matrix (forced=1)...... 1977.87 s
solve CGLSCDWWtrans with lambda = 0
[0.29476808 0.03183648]
thicks: [0.6]
src x: 11.993200983140108
src z: -0.7478234451939618
Solving sources...
getting magnetic fields...
magnetic field at receivers...
getting output components
Done in 853.5682280063629 seconds!
sigma: [0.2715723  0.03661872]
thicks: [0.6]
src x: 11.993200983140108
src z: -0.7478234451939618
Solving sources...
getting magnetic fields...
magnetic field at receivers...
getting output components
Done in 702.4162340164185 seconds!
chi² = 134342.24 (dPhi = 31.71%) lam: 0.0
--------------------------------------------------------------------------------
inv.iter 2 ... sigma: [0.2715723  0.03661872]
thicks: [0.6]
src x: 11.993200983140108
src z: -0.7478234451939618
Solving sources...
getting magnetic fields...
magnetic field at receivers...
getting output components
Done in 591.6661698818207 seconds!
sigma: [0.2715723  0.03661872]
thicks: [0.6001]
src x: 11.993200983140108
src z: -0.7478234451939618
Solving sources...
getting magnetic fields...
magnetic field at receivers...
getting output components
Done in 796.5654401779175 seconds!
sigma: [0.2716723  0.03661872]
thicks: [0.6]
src x: 11.993200983140108
src z: -0.7478234451939618
Solving sources...
getting magnetic fields...
magnetic field at receivers...
getting output components
Done in 540.9091854095459 seconds!
sigma: [0.2715723  0.03671872]
thicks: [0.6]
src x: 11.993200983140108
src z: -0.7478234451939618
Solving sources...
getting magnetic fields...
magnetic field at receivers...
getting output components
Done in 1079.320883989334 seconds!
sigma: [0.26947106 0.02734631]
thicks: [0.6]
src x: 11.993200983140108
src z: -0.7478234451939618
Solving sources...
getting magnetic fields...
magnetic field at receivers...
getting output components
Done in 764.1257126331329 seconds!
chi² = 69875.72 (dPhi = 47.99%) lam: 0.0
--------------------------------------------------------------------------------
inv.iter 3 ... sigma: [0.26947106 0.02734631]
thicks: [0.6]
src x: 11.993200983140108
src z: -0.7478234451939618
Solving sources...
getting magnetic fields...
magnetic field at receivers...
getting output components
Done in 629.4628717899323 seconds!
sigma: [0.26947106 0.02734631]
thicks: [0.6001]
src x: 11.993200983140108
src z: -0.7478234451939618
Solving sources...
getting magnetic fields...
magnetic field at receivers...
getting output components
Done in 580.1130721569061 seconds!
sigma: [0.26957106 0.02734631]
thicks: [0.6]
src x: 11.993200983140108
src z: -0.7478234451939618
Solving sources...
getting magnetic fields...
magnetic field at receivers...
getting output components
Done in 570.2305324077606 seconds!
sigma: [0.26947106 0.02744631]
thicks: [0.6]
src x: 11.993200983140108
src z: -0.7478234451939618
Solving sources...
getting magnetic fields...
magnetic field at receivers...
getting output components
Done in 482.8766448497772 seconds!
sigma: [0.27206354 0.02489982]
thicks: [0.6]
src x: 11.993200983140108
src z: -0.7478234451939618
Solving sources...
getting magnetic fields...
magnetic field at receivers...
getting output components
Done in 484.32783222198486 seconds!
chi² = 67318.90 (dPhi = 3.66%) lam: 0.0
--------------------------------------------------------------------------------
inv.iter 4 ... sigma: [0.27206354 0.02489982]
thicks: [0.6]
src x: 11.993200983140108
src z: -0.7478234451939618
Solving sources...
getting magnetic fields...
magnetic field at receivers...
getting output components
Done in 497.39576148986816 seconds!
sigma: [0.27206354 0.02489982]
thicks: [0.6001]
src x: 11.993200983140108
src z: -0.7478234451939618
Solving sources...
getting magnetic fields...
magnetic field at receivers...
getting output components
Done in 440.3352494239807 seconds!
sigma: [0.27216354 0.02489982]
thicks: [0.6]
src x: 11.993200983140108
src z: -0.7478234451939618
Solving sources...
getting magnetic fields...
magnetic field at receivers...
getting output components
Done in 453.0307619571686 seconds!
sigma: [0.27206354 0.02499982]
thicks: [0.6]
src x: 11.993200983140108
src z: -0.7478234451939618
Solving sources...
getting magnetic fields...
magnetic field at receivers...
getting output components
Done in 467.99358677864075 seconds!
sigma: [0.27198161 0.02479503]
thicks: [0.6]
src x: 11.993200983140108
src z: -0.7478234451939618
Solving sources...
getting magnetic fields...
magnetic field at receivers...
getting output components
Done in 475.53790831565857 seconds!
chi² = 67312.51 (dPhi = 0.01%) lam: 0.0
################################################################################
#                Abort criterion reached: dPhi = 0.01 (< 2.0%)                 #
################################################################################
Initialized
fop: <__main__.FDEM25DModelling object at 0x7fd3635ba980>
Data transformation: <pgcore._pygimli_.RTrans object at 0x7fd363ea6ab0>
Model transformation (cumulative):
	 0 <pgcore._pygimli_.RTransLogLU object at 0x7fd3635b9210>
	 1 <pgcore._pygimli_.RTransLogLU object at 0x7fd3635bab60>
min/max (data): 1.1e-04/0.08
min/max (error): 0.1%/0.1%
min/max (start model): 0.05/0.6
--------------------------------------------------------------------------------
sigma: [0.05 0.05]
thicks: [0.6]
src x: 12.993059932407114
src z: -0.7320120337475777
Solving sources...
getting magnetic fields...
magnetic field at receivers...
getting output components
Done in 398.0997748374939 seconds!
sigma: [0.05 0.05]
thicks: [0.6]
src x: 12.993059932407114
src z: -0.7320120337475777
Solving sources...
getting magnetic fields...
magnetic field at receivers...
getting output components
Done in 369.4821677207947 seconds!
sigma: [0.05 0.05]
thicks: [0.6001]
src x: 12.993059932407114
src z: -0.7320120337475777
Solving sources...
getting magnetic fields...
magnetic field at receivers...
getting output components
Done in 958.4584991931915 seconds!
sigma: [0.0501 0.05  ]
thicks: [0.6]
src x: 12.993059932407114
src z: -0.7320120337475777
Solving sources...
getting magnetic fields...
magnetic field at receivers...
getting output components
Done in 824.5662746429443 seconds!
sigma: [0.05   0.0501]
thicks: [0.6]
src x: 12.993059932407114
src z: -0.7320120337475777
Solving sources...
getting magnetic fields...
magnetic field at receivers...
getting output components
Done in 625.9703485965729 seconds!
inv.iter 0 ... chi² = 193585.46
--------------------------------------------------------------------------------
inv.iter 1 ... sigma: [0.29487362 0.03253448]
thicks: [0.6]
src x: 12.993059932407114
src z: -0.7320120337475777
Solving sources...
getting magnetic fields...
magnetic field at receivers...
getting output components
Done in 712.2335255146027 seconds!
sigma: [0.27472508 0.03685493]
thicks: [0.6]
src x: 12.993059932407114
src z: -0.7320120337475777
Solving sources...
getting magnetic fields...
magnetic field at receivers...
getting output components
Done in 790.9140541553497 seconds!
chi² = 123288.18 (dPhi = 36.31%) lam: 0.0
--------------------------------------------------------------------------------
inv.iter 2 ... sigma: [0.27472508 0.03685493]
thicks: [0.6]
src x: 12.993059932407114
src z: -0.7320120337475777
Solving sources...
getting magnetic fields...
magnetic field at receivers...
getting output components
Done in 451.873596906662 seconds!
sigma: [0.27472508 0.03685493]
thicks: [0.6001]
src x: 12.993059932407114
src z: -0.7320120337475777
Solving sources...
getting magnetic fields...
magnetic field at receivers...
getting output components
Done in 496.02299666404724 seconds!
sigma: [0.27482508 0.03685493]
thicks: [0.6]
src x: 12.993059932407114
src z: -0.7320120337475777
Solving sources...
getting magnetic fields...
magnetic field at receivers...
getting output components
Done in 437.61862421035767 seconds!
sigma: [0.27472508 0.03695493]
thicks: [0.6]
src x: 12.993059932407114
src z: -0.7320120337475777
Solving sources...
getting magnetic fields...
magnetic field at receivers...
getting output components
Done in 581.6887068748474 seconds!
sigma: [0.27062048 0.02806881]
thicks: [0.6]
src x: 12.993059932407114
src z: -0.7320120337475777
Solving sources...
getting magnetic fields...
magnetic field at receivers...
Performing line search with tau = 1
2: Model: min = 0.0280688; max = 0.6
2: Response: min = 9.47627e-05; max = 0.0685905
2: rms/rrms(data, Response) = 0.00480564/25.7767%
2: chi^2(data, Response, error, log) = 66443.9
2: Phi = 1.19599e+06+21.798*0=1.19599e+06
Calculating Jacobian matrix (forced=1)...... 2460.54 s
solve CGLSCDWWtrans with lambda = 0
Performing line search with tau = 1
3: Model: min = 0.0258305; max = 0.6
3: Response: min = 9.34664e-05; max = 0.0671408
3: rms/rrms(data, Response) = 0.00501411/25.3996%
3: chi^2(data, Response, error, log) = 64513.8
3: Phi = 1.16125e+06+23.8646*0=1.16125e+06
Calculating Jacobian matrix (forced=1)...... 4754.09 s
solve CGLSCDWWtrans with lambda = 0
Performing line search with tau = 1
4: Model: min = 0.0257438; max = 0.6
4: Response: min = 9.33457e-05; max = 0.0670639
4: rms/rrms(data, Response) = 0.00502702/25.3988%
4: chi^2(data, Response, error, log) = 64510.1
4: Phi = 1.16118e+06+23.8987*0=1.16118e+06
min/max(dweight) = 12839.7/9.01782e+06
17/01/25 - 01:56:49 - pyGIMLi - [0;32;49mINFO[0m - Starting inversion.
use model trans from RegionManager
min/max(dweight) = 12839.7/9.01782e+06
Building constraints matrix
constraint matrix of size(nBounds x nModel) 1 x 3
check Jacobian: wrong dimensions: (0x0) should be (18x3)  force: 1
jacobian size invalid, forced recalc: 1
Calculating Jacobian matrix (forced=1)...... 2987.27 s
min data = 0.000110891 max data = 0.0778832 (18)
min error = 0.001 max error = 0.001 (18)
min response = 3.35821e-05 max response = 0.0513024 (18)
calc without reference model
0: rms/rrms(data, response) = 0.0105554/44.2541%
0: chi^2(data, response, error, log) = 195842
0: Phi = 3.52516e+06 + 0 * 0 = 3.52516e+06
solve CGLSCDWWtrans with lambda = 0
1: LS newModel: min = 0.0325028; max = 0.6
1: LS newResponse: min = 0.000115106; max = 0.0762676
1: rms/rrms(data, LS newResponse) = 0.00459717/32.1942%
1: chi^2(data, LS newResponse, error, log) = 103647
1: Phi = 1.86564e+06+41.1738*0=1.86564e+06
Performing line search with tau = 0.73
1: Model: min = 0.0365127; max = 0.6
1: Response: min = 0.000110688; max = 0.0769316
1: rms/rrms(data, Response) = 0.00476939/34.4149%
1: chi^2(data, Response, error, log) = 118439
1: Phi = 2.13189e+06+21.9415*0=2.13189e+06
Calculating Jacobian matrix (forced=1)...... 1862.16 s
solve CGLSCDWWtrans with lambda = 0
Performing line search with tau = 1
2: Model: min = 0.0278823; max = 0.6
2: Response: min = 9.68229e-05; max = 0.069118
2: rms/rrms(data, Response) = 0.00477784/25.367%
2: chi^2(data, Response, error, log) = 64348.3
2: Phi = 1.15827e+06+23.5123*0=1.15827e+06
Calculating Jacobian matrix (forced=1)...... 1862.43 s
solve CGLSCDWWtrans with lambda = 0
Performing line search with tau = 1
3: Model: min = 0.025686; max = 0.6
3: Response: min = 9.55617e-05; max = 0.0676982
3: rms/rrms(data, Response) = 0.0049592/25.0027%
3: chi^2(data, Response, error, log) = 62513.6
3: Phi = 1.12524e+06+25.7989*0=1.12524e+06
getting output components
Done in 512.7013611793518 seconds!
chi² = 66443.86 (dPhi = 46.11%) lam: 0.0
--------------------------------------------------------------------------------
inv.iter 3 ... sigma: [0.27062048 0.02806881]
thicks: [0.6]
src x: 12.993059932407114
src z: -0.7320120337475777
Solving sources...
getting magnetic fields...
magnetic field at receivers...
getting output components
Done in 592.6293466091156 seconds!
sigma: [0.27062048 0.02806881]
thicks: [0.6001]
src x: 12.993059932407114
src z: -0.7320120337475777
Solving sources...
getting magnetic fields...
magnetic field at receivers...
getting output components
Done in 640.9573044776917 seconds!
sigma: [0.27072048 0.02806881]
thicks: [0.6]
src x: 12.993059932407114
src z: -0.7320120337475777
Solving sources...
getting magnetic fields...
magnetic field at receivers...
getting output components
Done in 678.9910943508148 seconds!
sigma: [0.27062048 0.02816881]
thicks: [0.6]
src x: 12.993059932407114
src z: -0.7320120337475777
Solving sources...
getting magnetic fields...
magnetic field at receivers...
getting output components
Done in 533.8399789333344 seconds!
sigma: [0.27330895 0.02583052]
thicks: [0.6]
src x: 12.993059932407114
src z: -0.7320120337475777
Solving sources...
getting magnetic fields...
magnetic field at receivers...
getting output components
Done in 1067.1927573680878 seconds!
chi² = 64513.81 (dPhi = 2.90%) lam: 0.0
--------------------------------------------------------------------------------
inv.iter 4 ... sigma: [0.27330895 0.02583052]
thicks: [0.6]
src x: 12.993059932407114
src z: -0.7320120337475777
Solving sources...
getting magnetic fields...
magnetic field at receivers...
getting output components
Done in 1446.182748556137 seconds!
sigma: [0.27330895 0.02583052]
thicks: [0.6001]
src x: 12.993059932407114
src z: -0.7320120337475777
Solving sources...
getting magnetic fields...
magnetic field at receivers...
getting output components
Done in 954.4768590927124 seconds!
sigma: [0.27340895 0.02583052]
thicks: [0.6]
src x: 12.993059932407114
src z: -0.7320120337475777
Solving sources...
getting magnetic fields...
magnetic field at receivers...
getting output components
Done in 1219.9538078308105 seconds!
sigma: [0.27330895 0.02593052]
thicks: [0.6]
src x: 12.993059932407114
src z: -0.7320120337475777
Solving sources...
getting magnetic fields...
magnetic field at receivers...
getting output components
Done in 1088.4755682945251 seconds!
sigma: [0.27328493 0.02574385]
thicks: [0.6]
src x: 12.993059932407114
src z: -0.7320120337475777
Solving sources...
getting magnetic fields...
magnetic field at receivers...
getting output components
Done in 898.0824406147003 seconds!
chi² = 64510.10 (dPhi = 0.01%) lam: 0.0
################################################################################
#                Abort criterion reached: dPhi = 0.01 (< 2.0%)                 #
################################################################################
Initialized
fop: <__main__.FDEM25DModelling object at 0x7fd3635ba930>
Data transformation: <pgcore._pygimli_.RTrans object at 0x7fd363ea6b20>
Model transformation (cumulative):
	 0 <pgcore._pygimli_.RTransLogLU object at 0x7fd3635bae80>
	 1 <pgcore._pygimli_.RTransLogLU object at 0x7fd3635bb1a0>
min/max (data): 1.1e-04/0.08
min/max (error): 0.1%/0.1%
min/max (start model): 0.05/0.6
--------------------------------------------------------------------------------
sigma: [0.05 0.05]
thicks: [0.6]
src x: 13.992959901483339
src z: -0.7158899094794856
Solving sources...
getting magnetic fields...
magnetic field at receivers...
getting output components
Done in 743.9623584747314 seconds!
sigma: [0.05 0.05]
thicks: [0.6]
src x: 13.992959901483339
src z: -0.7158899094794856
Solving sources...
getting magnetic fields...
magnetic field at receivers...
getting output components
Done in 612.0480215549469 seconds!
sigma: [0.05 0.05]
thicks: [0.6001]
src x: 13.992959901483339
src z: -0.7158899094794856
Solving sources...
getting magnetic fields...
magnetic field at receivers...
getting output components
Done in 809.9066505432129 seconds!
sigma: [0.0501 0.05  ]
thicks: [0.6]
src x: 13.992959901483339
src z: -0.7158899094794856
Solving sources...
getting magnetic fields...
magnetic field at receivers...
getting output components
Done in 589.6931276321411 seconds!
sigma: [0.05   0.0501]
thicks: [0.6]
src x: 13.992959901483339
src z: -0.7158899094794856
Solving sources...
getting magnetic fields...
magnetic field at receivers...
getting output components
Done in 945.0833361148834 seconds!
inv.iter 0 ... chi² = 195842.36
--------------------------------------------------------------------------------
inv.iter 1 ... sigma: [0.29538483 0.03250279]
thicks: [0.6]
src x: 13.992959901483339
src z: -0.7158899094794856
Solving sources...
getting magnetic fields...
magnetic field at receivers...
getting output components
Done in 660.2808983325958 seconds!
sigma: [0.27884255 0.03651268]
thicks: [0.6]
src x: 13.992959901483339
src z: -0.7158899094794856
Solving sources...
getting magnetic fields...
magnetic field at receivers...
getting output components
Done in 557.3795304298401 seconds!
chi² = 118438.59 (dPhi = 39.52%) lam: 0.0
--------------------------------------------------------------------------------
inv.iter 2 ... sigma: [0.27884255 0.03651268]
thicks: [0.6]
src x: 13.992959901483339
src z: -0.7158899094794856
Solving sources...
getting magnetic fields...
magnetic field at receivers...
getting output components
Done in 442.98357105255127 seconds!
sigma: [0.27884255 0.03651268]
thicks: [0.6001]
src x: 13.992959901483339
src z: -0.7158899094794856
Solving sources...
getting magnetic fields...
magnetic field at receivers...
getting output components
Done in 483.367800951004 seconds!
sigma: [0.27894255 0.03651268]
thicks: [0.6]
src x: 13.992959901483339
src z: -0.7158899094794856
Solving sources...
getting magnetic fields...
magnetic field at receivers...
getting output components
Done in 445.6841661930084 seconds!
sigma: [0.27884255 0.03661268]
thicks: [0.6]
src x: 13.992959901483339
src z: -0.7158899094794856
Solving sources...
getting magnetic fields...
magnetic field at receivers...
getting output components
Done in 479.1984558105469 seconds!
sigma: [0.27485156 0.02788232]
thicks: [0.6]
src x: 13.992959901483339
src z: -0.7158899094794856
Solving sources...
getting magnetic fields...
magnetic field at receivers...
getting output components
Done in 469.0849483013153 seconds!
chi² = 64348.26 (dPhi = 45.67%) lam: 0.0
--------------------------------------------------------------------------------
inv.iter 3 ... sigma: [0.27485156 0.02788232]
thicks: [0.6]
src x: 13.992959901483339
src z: -0.7158899094794856
Solving sources...
getting magnetic fields...
magnetic field at receivers...
getting output components
Done in 458.0581293106079 seconds!
sigma: [0.27485156 0.02788232]
thicks: [0.6001]
src x: 13.992959901483339
src z: -0.7158899094794856
Solving sources...
getting magnetic fields...
magnetic field at receivers...
getting output components
Done in 501.3111369609833 seconds!
sigma: [0.27495156 0.02788232]
thicks: [0.6]
src x: 13.992959901483339
src z: -0.7158899094794856
Solving sources...
getting magnetic fields...
magnetic field at receivers...
getting output components
Done in 428.0637536048889 seconds!
sigma: [0.27485156 0.02798232]
thicks: [0.6]
src x: 13.992959901483339
src z: -0.7158899094794856
Solving sources...
getting magnetic fields...
magnetic field at receivers...
getting output components
Done in 465.1785979270935 seconds!
sigma: [0.27750658 0.02568598]
thicks: [0.6]
src x: 13.992959901483339
src z: -0.7158899094794856
Solving sources...
getting magnetic fields...
magnetic field at receivers...
getting output components
Done in 494.720285654068 seconds!
chi² = 62513.57 (dPhi = 2.85%) lam: 0.0
--------------------------------------------------------------------------------
inv.iter 4 ... sigma: [0.27750658 0.02568598]
thicks: [0.6]
src x: 13.992959901483339
src z: -0.7158899094794856
Solving sources...
getting magnetic fields...
magnetic field at receivers...
getting output components
Done in 748.3912291526794Calculating Jacobian matrix (forced=1)...... 2242.01 s
solve CGLSCDWWtrans with lambda = 0
Performing line search with tau = 1
4: Model: min = 0.0255963; max = 0.6
4: Response: min = 9.54628e-05; max = 0.0676262
4: rms/rrms(data, Response) = 0.00497022/25.002%
4: chi^2(data, Response, error, log) = 62510.1
4: Phi = 1.12518e+06+25.8574*0=1.12518e+06
min/max(dweight) = 12850.1/8.68498e+06
17/01/25 - 05:23:48 - pyGIMLi - [0;32;49mINFO[0m - Starting inversion.
use model trans from RegionManager
min/max(dweight) = 12850.1/8.68498e+06
Building constraints matrix
constraint matrix of size(nBounds x nModel) 1 x 3
check Jacobian: wrong dimensions: (0x0) should be (18x3)  force: 1
jacobian size invalid, forced recalc: 1
Calculating Jacobian matrix (forced=1)...... 1696.04 s
min data = 0.000115141 max data = 0.0778203 (18)
min error = 0.001 max error = 0.001 (18)
min response = 3.35114e-05 max response = 0.0513117 (18)
calc without reference model
0: rms/rrms(data, response) = 0.0106423/44.5366%
0: chi^2(data, response, error, log) = 198351
0: Phi = 3.57032e+06 + 0 * 0 = 3.57032e+06
solve CGLSCDWWtrans with lambda = 0
1: LS newModel: min = 0.032418; max = 0.6
1: LS newResponse: min = 0.000115092; max = 0.076306
1: rms/rrms(data, LS newResponse) = 0.00460936/30.8279%
1: chi^2(data, LS newResponse, error, log) = 95035.9
1: Phi = 1.71065e+06+43.0963*0=1.71065e+06
Performing line search with tau = 0.76
1: Model: min = 0.0359711; max = 0.6
1: Response: min = 0.000112639; max = 0.0772915
1: rms/rrms(data, Response) = 0.0047976/33.2025%
1: chi^2(data, Response, error, log) = 110241
1: Phi = 1.98434e+06+24.8924*0=1.98434e+06
Calculating Jacobian matrix (forced=1)...... 1853.41 s
solve CGLSCDWWtrans with lambda = 0
Performing line search with tau = 1
2: Model: min = 0.0275263; max = 0.6
2: Response: min = 9.98618e-05; max = 0.0698775
2: rms/rrms(data, Response) = 0.00468002/24.6833%
2: chi^2(data, Response, error, log) = 60926.7
2: Phi = 1.09668e+06+26.9368*0=1.09668e+06
Calculating Jacobian matrix (forced=1)...... 3095.31 s
solve CGLSCDWWtrans with lambda = 0
Performing line search with tau = 1
3: Model: min = 0.0253833; max = 0.6
3: Response: min = 9.85127e-05; max = 0.0684572
3: rms/rrms(data, Response) = 0.0048345/24.3217%
3: chi^2(data, Response, error, log) = 59154.3
3: Phi = 1.06478e+06+29.6252*0=1.06478e+06
Calculating Jacobian matrix (forced=1)...... 1906.11 s
solve CGLSCDWWtrans with lambda = 0
Performing line search with tau = 1
4: Model: min = 0.0252893; max = 0.6
4: Response: min = 9.84366e-05; max = 0.0683896
4: rms/rrms(data, Response) = 0.00484357/24.321%
4: chi^2(data, Response, error, log) = 59150.9
4: Phi = 1.06472e+06+29.7312*0=1.06472e+06
min/max(dweight) = 12856.6/8.32067e+06
17/01/25 - 08:33:25 - pyGIMLi - [0;32;49mINFO[0m - Starting inversion.
use model trans from RegionManager
 seconds!
sigma: [0.27750658 0.02568598]
thicks: [0.6001]
src x: 13.992959901483339
src z: -0.7158899094794856
Solving sources...
getting magnetic fields...
magnetic field at receivers...
getting output components
Done in 564.5596263408661 seconds!
sigma: [0.27760658 0.02568598]
thicks: [0.6]
src x: 13.992959901483339
src z: -0.7158899094794856
Solving sources...
getting magnetic fields...
magnetic field at receivers...
getting output components
Done in 483.3955249786377 seconds!
sigma: [0.27750658 0.02578598]
thicks: [0.6]
src x: 13.992959901483339
src z: -0.7158899094794856
Solving sources...
getting magnetic fields...
magnetic field at receivers...
getting output components
Done in 435.7196567058563 seconds!
sigma: [0.27752923 0.02559632]
thicks: [0.6]
src x: 13.992959901483339
src z: -0.7158899094794856
Solving sources...
getting magnetic fields...
magnetic field at receivers...
getting output components
Done in 514.7835559844971 seconds!
chi² = 62510.10 (dPhi = 0.01%) lam: 0.0
################################################################################
#                Abort criterion reached: dPhi = 0.01 (< 2.0%)                 #
################################################################################
Initialized
fop: <__main__.FDEM25DModelling object at 0x7fd363f0f010>
Data transformation: <pgcore._pygimli_.RTrans object at 0x7fd363ea6960>
Model transformation (cumulative):
	 0 <pgcore._pygimli_.RTransLogLU object at 0x7fd3635ba160>
	 1 <pgcore._pygimli_.RTransLogLU object at 0x7fd3635ba3e0>
min/max (data): 1.2e-04/0.08
min/max (error): 0.1%/0.1%
min/max (start model): 0.05/0.6
--------------------------------------------------------------------------------
sigma: [0.05 0.05]
thicks: [0.6]
src x: 14.992905982662641
src z: -0.6995158414840654
Solving sources...
getting magnetic fields...
magnetic field at receivers...
getting output components
Done in 575.5559060573578 seconds!
sigma: [0.05 0.05]
thicks: [0.6]
src x: 14.992905982662641
src z: -0.6995158414840654
Solving sources...
getting magnetic fields...
magnetic field at receivers...
getting output components
Done in 412.9340834617615 seconds!
sigma: [0.05 0.05]
thicks: [0.6001]
src x: 14.992905982662641
src z: -0.6995158414840654
Solving sources...
getting magnetic fields...
magnetic field at receivers...
getting output components
Done in 386.39017128944397 seconds!
sigma: [0.0501 0.05  ]
thicks: [0.6]
src x: 14.992905982662641
src z: -0.6995158414840654
Solving sources...
getting magnetic fields...
magnetic field at receivers...
getting output components
Done in 434.41695380210876 seconds!
sigma: [0.05   0.0501]
thicks: [0.6]
src x: 14.992905982662641
src z: -0.6995158414840654
Solving sources...
getting magnetic fields...
magnetic field at receivers...
getting output components
Done in 452.9043369293213 seconds!
inv.iter 0 ... chi² = 198351.23
--------------------------------------------------------------------------------
inv.iter 1 ... sigma: [0.29599811 0.03241804]
thicks: [0.6]
src x: 14.992905982662641
src z: -0.6995158414840654
Solving sources...
getting magnetic fields...
magnetic field at receivers...
getting output components
Done in 462.9518482685089 seconds!
sigma: [0.28381136 0.03597115]
thicks: [0.6]
src x: 14.992905982662641
src z: -0.6995158414840654
Solving sources...
getting magnetic fields...
magnetic field at receivers...
getting output components
Done in 451.70036339759827 seconds!
chi² = 110240.89 (dPhi = 44.42%) lam: 0.0
--------------------------------------------------------------------------------
inv.iter 2 ... sigma: [0.28381136 0.03597115]
thicks: [0.6]
src x: 14.992905982662641
src z: -0.6995158414840654
Solving sources...
getting magnetic fields...
magnetic field at receivers...
getting output components
Done in 440.8823592662811 seconds!
sigma: [0.28381136 0.03597115]
thicks: [0.6001]
src x: 14.992905982662641
src z: -0.6995158414840654
Solving sources...
getting magnetic fields...
magnetic field at receivers...
getting output components
Done in 415.2498152256012 seconds!
sigma: [0.28391136 0.03597115]
thicks: [0.6]
src x: 14.992905982662641
src z: -0.6995158414840654
Solving sources...
getting magnetic fields...
magnetic field at receivers...
getting output components
Done in 495.14917850494385 seconds!
sigma: [0.28381136 0.03607115]
thicks: [0.6]
src x: 14.992905982662641
src z: -0.6995158414840654
Solving sources...
getting magnetic fields...
magnetic field at receivers...
getting output components
Done in 492.48993468284607 seconds!
sigma: [0.28137419 0.02752629]
thicks: [0.6]
src x: 14.992905982662641
src z: -0.6995158414840654
Solving sources...
getting magnetic fields...
magnetic field at receivers...
getting output components
Done in 450.92156863212585 seconds!
chi² = 60926.66 (dPhi = 44.73%) lam: 0.0
--------------------------------------------------------------------------------
inv.iter 3 ... sigma: [0.28137419 0.02752629]
thicks: [0.6]
src x: 14.992905982662641
src z: -0.6995158414840654
Solving sources...
getting magnetic fields...
magnetic field at receivers...
getting output components
Done in 589.0215783119202 seconds!
sigma: [0.28137419 0.02752629]
thicks: [0.6001]
src x: 14.992905982662641
src z: -0.6995158414840654
Solving sources...
getting magnetic fields...
magnetic field at receivers...
getting output components
Done in 913.3085656166077 seconds!
sigma: [0.28147419 0.02752629]
thicks: [0.6]
src x: 14.992905982662641
src z: -0.6995158414840654
Solving sources...
getting magnetic fields...
magnetic field at receivers...
getting output components
Done in 788.3959097862244 seconds!
sigma: [0.28137419 0.02762629]
thicks: [0.6]
src x: 14.992905982662641
src z: -0.6995158414840654
Solving sources...
getting magnetic fields...
magnetic field at receivers...
getting output components
Done in 767.4206569194794 seconds!
sigma: [0.28375039 0.0253833 ]
thicks: [0.6]
src x: 14.992905982662641
src z: -0.6995158414840654
Solving sources...
getting magnetic fields...
magnetic field at receivers...
getting output components
Done in 456.6873462200165 seconds!
chi² = 59154.28 (dPhi = 2.91%) lam: 0.0
--------------------------------------------------------------------------------
inv.iter 4 ... sigma: [0.28375039 0.0253833 ]
thicks: [0.6]
src x: 14.992905982662641
src z: -0.6995158414840654
Solving sources...
getting magnetic fields...
magnetic field at receivers...
getting output components
Done in 499.7979829311371 seconds!
sigma: [0.28375039 0.0253833 ]
thicks: [0.6001]
src x: 14.992905982662641
src z: -0.6995158414840654
Solving sources...
getting magnetic fields...
magnetic field at receivers...
getting output components
Done in 475.9113357067108 seconds!
sigma: [0.28385039 0.0253833 ]
thicks: [0.6]
src x: 14.992905982662641
src z: -0.6995158414840654
Solving sources...
getting magnetic fields...
magnetic field at receivers...
getting output components
Done in 460.6177523136139 seconds!
sigma: [0.28375039 0.0254833 ]
thicks: [0.6]
src x: 14.992905982662641
src z: -0.6995158414840654
Solving sources...
getting magnetic fields...
magnetic field at receivers...
getting output components
Done in 460.37239694595337 seconds!
sigma: [0.28382325 0.02528926]
thicks: [0.6]
src x: 14.992905982662641
src z: -0.6995158414840654
Solving sources...
getting magnetic fields...
magnetic field at receivers...
getting output components
Done in 412.66946506500244 seconds!
chi² = 59150.93 (dPhi = 0.01%) lam: 0.0
################################################################################
#                Abort criterion reached: dPhi = 0.01 (< 2.0%)                 #
################################################################################
Initialized
fop: <__main__.FDEM25DModelling object at 0x7fd3635bbe20>
Data transformation: <pgcore._pygimli_.RTrans object at 0x7fd36358cf20>
Model transformation (cumulative):
	 0 <pgcore._pygimli_.RTransLogLU object at 0x7fd363486340>
	 1 <pgcore._pygimli_.RTransLogLU object at 0x7fd363486390>
min/max (data): 1.2e-04/0.08
min/max (error): 0.1%/0.1%
min/max (start model): 0.05/0.6
--------------------------------------------------------------------------------
sigma: [0.05 0.05]
thicks: [0.6]min/max(dweight) = 12856.6/8.32067e+06
Building constraints matrix
constraint matrix of size(nBounds x nModel) 1 x 3
check Jacobian: wrong dimensions: (0x0) should be (18x3)  force: 1
jacobian size invalid, forced recalc: 1
Calculating Jacobian matrix (forced=1)...... 1943.09 s
min data = 0.000120183 max data = 0.077781 (18)
min error = 0.001 max error = 0.001 (18)
min response = 3.33969e-05 max response = 0.051327 (18)
calc without reference model
0: rms/rrms(data, response) = 0.0107206/44.8174%
0: chi^2(data, response, error, log) = 200860
0: Phi = 3.61547e+06 + 0 * 0 = 3.61547e+06
solve CGLSCDWWtrans with lambda = 0
1: LS newModel: min = 0.032302; max = 0.6
1: LS newResponse: min = 0.000114837; max = 0.0763182
1: rms/rrms(data, LS newResponse) = 0.00460864/29.3897%
1: chi^2(data, LS newResponse, error, log) = 86375.5
1: Phi = 1.55476e+06+45.2248*0=1.55476e+06
Performing line search with tau = 0.8
1: Model: min = 0.0352503; max = 0.6
1: Response: min = 0.000114062; max = 0.0774755
1: rms/rrms(data, Response) = 0.00478858/31.6335%
1: chi^2(data, Response, error, log) = 100068
1: Phi = 1.80122e+06+28.9438*0=1.80122e+06
Calculating Jacobian matrix (forced=1)...... 2124.15 s
solve CGLSCDWWtrans with lambda = 0
Performing line search with tau = 1
2: Model: min = 0.0270791; max = 0.6
2: Response: min = 0.000102962; max = 0.0706439
2: rms/rrms(data, Response) = 0.00458286/23.8727%
2: chi^2(data, Response, error, log) = 56990.3
2: Phi = 1.02583e+06+32.5867*0=1.02583e+06
Calculating Jacobian matrix (forced=1)...... 2026.86 s
solve CGLSCDWWtrans with lambda = 0
Performing line search with tau = 1
3: Model: min = 0.0250179; max = 0.6
3: Response: min = 0.000101536; max = 0.0692401
3: rms/rrms(data, Response) = 0.0047105/23.522%
3: chi^2(data, Response, error, log) = 55328.3
3: Phi = 995909+36.1928*0=995909
Calculating Jacobian matrix (forced=1)...... 2678.32 s
solve CGLSCDWWtrans with lambda = 0
Performing line search with tau = 1
4: Model: min = 0.024923; max = 0.6
4: Response: min = 0.000101499; max = 0.0691829
4: rms/rrms(data, Response) = 0.00471699/23.5214%
4: chi^2(data, Response, error, log) = 55325.4
4: Phi = 995858+36.4402*0=995858
min/max(dweight) = 12805.1/8.13076e+06
17/01/25 - 12:00:24 - pyGIMLi - [0;32;49mINFO[0m - Starting inversion.
use model trans from RegionManager
min/max(dweight) = 12805.1/8.13076e+06
Building constraints matrix
constraint matrix of size(nBounds x nModel) 1 x 3
check Jacobian: wrong dimensions: (0x0) should be (18x3)  force: 1
jacobian size invalid, forced recalc: 1
Calculating Jacobian matrix (forced=1)...... 1683.92 s
min data = 0.00012299 max data = 0.0780936 (18)
min error = 0.001 max error = 0.001 (18)
min response = 3.32398e-05 max response = 0.0513486 (18)
calc without reference model
0: rms/rrms(data, response) = 0.0108293/44.9399%
0: chi^2(data, response, error, log) = 201960
0: Phi = 3.63527e+06 + 0 * 0 = 3.63527e+06
solve CGLSCDWWtrans with lambda = 0
1: LS newModel: min = 0.0323092; max = 0.6
1: LS newResponse: min = 0.000114439; max = 0.0764019
1: rms/rrms(data, LS newResponse) = 0.00460561/28.592%
1: chi^2(data, LS newResponse, error, log) = 81750.3
1: Phi = 1.47151e+06+46.6237*0=1.47151e+06
Performing line search with tau = 0.82
1: Model: min = 0.0349497; max = 0.6
1: Response: min = 0.000114294; max = 0.0775853
1: rms/rrms(data, Response) = 0.0047641/30.6534%
1: chi^2(data, Response, error, log) = 93963.2
1: Phi = 1.69134e+06+31.3498*0=1.69134e+06

src x: 15.992902895703015
src z: -0.6829528894698783
Solving sources...
getting magnetic fields...
magnetic field at receivers...
getting output components
Done in 444.36220026016235 seconds!
sigma: [0.05 0.05]
thicks: [0.6]
src x: 15.992902895703015
src z: -0.6829528894698783
Solving sources...
getting magnetic fields...
magnetic field at receivers...
getting output components
Done in 450.0664482116699 seconds!
sigma: [0.05 0.05]
thicks: [0.6001]
src x: 15.992902895703015
src z: -0.6829528894698783
Solving sources...
getting magnetic fields...
magnetic field at receivers...
getting output components
Done in 460.79411149024963 seconds!
sigma: [0.0501 0.05  ]
thicks: [0.6]
src x: 15.992902895703015
src z: -0.6829528894698783
Solving sources...
getting magnetic fields...
magnetic field at receivers...
getting output components
Done in 442.4043152332306 seconds!
sigma: [0.05   0.0501]
thicks: [0.6]
src x: 15.992902895703015
src z: -0.6829528894698783
Solving sources...
getting magnetic fields...
magnetic field at receivers...
getting output components
Done in 578.8739297389984 seconds!
inv.iter 0 ... chi² = 200859.71
--------------------------------------------------------------------------------
inv.iter 1 ... sigma: [0.29656768 0.03230203]
thicks: [0.6]
src x: 15.992902895703015
src z: -0.6829528894698783
Solving sources...
getting magnetic fields...
magnetic field at receivers...
getting output components
Done in 717.9109511375427 seconds!
sigma: [0.28856398 0.03525031]
thicks: [0.6]
src x: 15.992902895703015
src z: -0.6829528894698783
Solving sources...
getting magnetic fields...
magnetic field at receivers...
getting output components
Done in 915.1764271259308 seconds!
chi² = 100067.86 (dPhi = 50.18%) lam: 0.0
--------------------------------------------------------------------------------
inv.iter 2 ... sigma: [0.28856398 0.03525031]
thicks: [0.6]
src x: 15.992902895703015
src z: -0.6829528894698783
Solving sources...
getting magnetic fields...
magnetic field at receivers...
getting output components
Done in 607.2397260665894 seconds!
sigma: [0.28856398 0.03525031]
thicks: [0.6001]
src x: 15.992902895703015
src z: -0.6829528894698783
Solving sources...
getting magnetic fields...
magnetic field at receivers...
getting output components
Done in 650.3095736503601 seconds!
sigma: [0.28866398 0.03525031]
thicks: [0.6]
src x: 15.992902895703015
src z: -0.6829528894698783
Solving sources...
getting magnetic fields...
magnetic field at receivers...
getting output components
Done in 421.8096923828125 seconds!
sigma: [0.28856398 0.03535031]
thicks: [0.6]
src x: 15.992902895703015
src z: -0.6829528894698783
Solving sources...
getting magnetic fields...
magnetic field at receivers...
getting output components
Done in 421.45187520980835 seconds!
sigma: [0.28837852 0.0270791 ]
thicks: [0.6]
src x: 15.992902895703015
src z: -0.6829528894698783
Solving sources...
getting magnetic fields...
magnetic field at receivers...
getting output components
Done in 474.27013874053955 seconds!
chi² = 56990.35 (dPhi = 43.05%) lam: 0.0
--------------------------------------------------------------------------------
inv.iter 3 ... sigma: [0.28837852 0.0270791 ]
thicks: [0.6]
src x: 15.992902895703015
src z: -0.6829528894698783
Solving sources...
getting magnetic fields...
magnetic field at receivers...
getting output components
Done in 507.992071390152 seconds!
sigma: [0.28837852 0.0270791 ]
thicks: [0.6001]
src x: 15.992902895703015
src z: -0.6829528894698783
Solving sources...
getting magnetic fields...
magnetic field at receivers...
getting output components
Done in 490.43112111091614 seconds!
sigma: [0.28847852 0.0270791 ]
thicks: [0.6]
src x: 15.992902895703015
src z: -0.6829528894698783
Solving sources...
getting magnetic fields...
magnetic field at receivers...
getting output components
Done in 507.862797498703 seconds!
sigma: [0.28837852 0.0271791 ]
thicks: [0.6]
src x: 15.992902895703015
src z: -0.6829528894698783
Solving sources...
getting magnetic fields...
magnetic field at receivers...
getting output components
Done in 509.89288854599 seconds!
sigma: [0.29043557 0.02501786]
thicks: [0.6]
src x: 15.992902895703015
src z: -0.6829528894698783
Solving sources...
getting magnetic fields...
magnetic field at receivers...
getting output components
Done in 466.21502113342285 seconds!
chi² = 55328.26 (dPhi = 2.92%) lam: 0.0
--------------------------------------------------------------------------------
inv.iter 4 ... sigma: [0.29043557 0.02501786]
thicks: [0.6]
src x: 15.992902895703015
src z: -0.6829528894698783
Solving sources...
getting magnetic fields...
magnetic field at receivers...
getting output components
Done in 457.59929966926575 seconds!
sigma: [0.29043557 0.02501786]
thicks: [0.6001]
src x: 15.992902895703015
src z: -0.6829528894698783
Solving sources...
getting magnetic fields...
magnetic field at receivers...
getting output components
Done in 680.4249775409698 seconds!
sigma: [0.29053557 0.02501786]
thicks: [0.6]
src x: 15.992902895703015
src z: -0.6829528894698783
Solving sources...
getting magnetic fields...
magnetic field at receivers...
getting output components
Done in 906.026015996933 seconds!
sigma: [0.29043557 0.02511786]
thicks: [0.6]
src x: 15.992902895703015
src z: -0.6829528894698783
Solving sources...
getting magnetic fields...
magnetic field at receivers...
getting output components
Done in 618.9759118556976 seconds!
sigma: [0.29057731 0.02492299]
thicks: [0.6]
src x: 15.992902895703015
src z: -0.6829528894698783
Solving sources...
getting magnetic fields...
magnetic field at receivers...
getting output components
Done in 595.6075134277344 seconds!
chi² = 55325.42 (dPhi = 0.01%) lam: 0.0
################################################################################
#                Abort criterion reached: dPhi = 0.01 (< 2.0%)                 #
################################################################################
Initialized
fop: <__main__.FDEM25DModelling object at 0x7fd363486de0>
Data transformation: <pgcore._pygimli_.RTrans object at 0x7fd363ea6c70>
Model transformation (cumulative):
	 0 <pgcore._pygimli_.RTransLogLU object at 0x7fd3635ba700>
	 1 <pgcore._pygimli_.RTransLogLU object at 0x7fd3635ba840>
min/max (data): 1.2e-04/0.08
min/max (error): 0.1%/0.1%
min/max (start model): 0.05/0.6
--------------------------------------------------------------------------------
sigma: [0.05 0.05]
thicks: [0.6]
src x: 16.992954809974922
src z: -0.666268283382874
Solving sources...
getting magnetic fields...
magnetic field at receivers...
getting output components
Done in 416.6955621242523 seconds!
sigma: [0.05 0.05]
thicks: [0.6]
src x: 16.992954809974922
src z: -0.666268283382874
Solving sources...
getting magnetic fields...
magnetic field at receivers...
getting output components
Done in 420.6361300945282 seconds!
sigma: [0.05 0.05]
thicks: [0.6001]
src x: 16.992954809974922
src z: -0.666268283382874
Solving sources...
getting magnetic fields...
magnetic field at receivers...
getting output components
Done in 382.29062247276306 seconds!
sigma: [0.0501 0.05  ]
thicks: [0.6]
src x: 16.992954809974922
src z: -0.666268283382874
Solving sources...
getting magnetic fields...
magnetic field at receivers...
getting output components
Done in 432.7388606071472 seconds!
sigma: [0.05   0.0501]
thicks: [0.6]
src x: 16.992954809974922
src z: -0.666268283382874
Solving sources...
getting magnetic fields...
magnetic field at receivers...
getting output components
Done in 438.5489375591278 seconds!
inv.iter 0 ... chi² = 201959.60
--------------------------------------------------------------------------------
inv.iter 1 ... sigma: [0.29690166 0.03230923]
thicks: [0.6]
src x: 16.992954809974922
src z: -0.666268283382874
Solving sources...
getting magnetic fields...
magnetic field at receivers...
getting output components
Done in 474.3149094581604 seconds!
sigma: [0.29064363 0.03494965]
thicks: [0.6]
src x: 16.992954809974922
src z: -0.666268283382874
Solving sources...
getting magnetic fields...
magnetic field at receivers...
getting output components
Done in 441.1835823059082 seconds!
chi² = 93963.19 (dPhi = 53.47%) lam: 0.0
Calculating Jacobian matrix (forced=1)...... 1922.25 s
solve CGLSCDWWtrans with lambda = 0
Performing line search with tau = 1
2: Model: min = 0.0269448; max = 0.6
2: Response: min = 0.000104453; max = 0.0711613
2: rms/rrms(data, Response) = 0.00457159/23.5156%
2: chi^2(data, Response, error, log) = 55298.4
2: Phi = 995371+37.479*0=995371
Calculating Jacobian matrix (forced=1)...... 3115.47 s
solve CGLSCDWWtrans with lambda = 0
Performing line search with tau = 1
3: Model: min = 0.0249258; max = 0.6
3: Response: min = 0.000103134; max = 0.069806
3: rms/rrms(data, Response) = 0.00468921/23.1894%
3: chi^2(data, Response, error, log) = 53775
3: Phi = 967950+42.9321*0=967950
Calculating Jacobian matrix (forced=1)...... 1883.11 s
solve CGLSCDWWtrans with lambda = 0
Performing line search with tau = 0.99
4: Model: min = 0.0248336; max = 0.6
4: Response: min = 0.00010319; max = 0.0697757
4: rms/rrms(data, Response) = 0.00469204/23.1891%
4: chi^2(data, Response, error, log) = 53773.3
4: Phi = 967919+43.7113*0=967919
min/max(dweight) = 12660.3/8.05202e+06
17/01/25 - 15:09:23 - pyGIMLi - [0;32;49mINFO[0m - Starting inversion.
use model trans from RegionManager
min/max(dweight) = 12660.3/8.05202e+06
Building constraints matrix
constraint matrix of size(nBounds x nModel) 1 x 3
check Jacobian: wrong dimensions: (0x0) should be (18x3)  force: 1
jacobian size invalid, forced recalc: 1
Calculating Jacobian matrix (forced=1)...... 1933.06 s
min data = 0.000124192 max data = 0.0789873 (18)
min error = 0.001 max error = 0.001 (18)
min response = 3.30425e-05 max response = 0.0513768 (18)
calc without reference model
0: rms/rrms(data, response) = 0.0109994/44.8166%
0: chi^2(data, response, error, log) = 200853
0: Phi = 3.61535e+06 + 0 * 0 = 3.61535e+06
solve CGLSCDWWtrans with lambda = 0
1: LS newModel: min = 0.0325077; max = 0.6
1: LS newResponse: min = 0.000114025; max = 0.0766206
1: rms/rrms(data, LS newResponse) = 0.00466269/28.266%
1: chi^2(data, LS newResponse, error, log) = 79896.7
1: Phi = 1.43814e+06+47.1527*0=1.43814e+06
Performing line search with tau = 0.82
1: Model: min = 0.0351263; max = 0.6
1: Response: min = 0.000113976; max = 0.0778182
1: rms/rrms(data, Response) = 0.00479633/30.2645%
1: chi^2(data, Response, error, log) = 91593.8
1: Phi = 1.64869e+06+31.7055*0=1.64869e+06
Calculating Jacobian matrix (forced=1)...... 1987.29 s
solve CGLSCDWWtrans with lambda = 0
Performing line search with tau = 1
2: Model: min = 0.027166; max = 0.6
2: Response: min = 0.000104693; max = 0.0715576
2: rms/rrms(data, Response) = 0.00468862/23.4964%
2: chi^2(data, Response, error, log) = 55207.9
2: Phi = 993743+39.322*0=993743
--------------------------------------------------------------------------------
inv.iter 2 ... sigma: [0.29064363 0.03494965]
thicks: [0.6]
src x: 16.992954809974922
src z: -0.666268283382874
Solving sources...
getting magnetic fields...
magnetic field at receivers...
getting output components
Done in 492.4856204986572 seconds!
sigma: [0.29064363 0.03494965]
thicks: [0.6001]
src x: 16.992954809974922
src z: -0.666268283382874
Solving sources...
getting magnetic fields...
magnetic field at receivers...
getting output components
Done in 454.65223956108093 seconds!
sigma: [0.29074363 0.03494965]
thicks: [0.6]
src x: 16.992954809974922
src z: -0.666268283382874
Solving sources...
getting magnetic fields...
magnetic field at receivers...
getting output components
Done in 474.8247756958008 seconds!
sigma: [0.29064363 0.03504965]
thicks: [0.6]
src x: 16.992954809974922
src z: -0.666268283382874
Solving sources...
getting magnetic fields...
magnetic field at receivers...
getting output components
Done in 489.6952488422394 seconds!
sigma: [0.29216051 0.02694482]
thicks: [0.6]
src x: 16.992954809974922
src z: -0.666268283382874
Solving sources...
getting magnetic fields...
magnetic field at receivers...
getting output components
Done in 474.68236899375916 seconds!
chi² = 55298.39 (dPhi = 41.15%) lam: 0.0
--------------------------------------------------------------------------------
inv.iter 3 ... sigma: [0.29216051 0.02694482]
thicks: [0.6]
src x: 16.992954809974922
src z: -0.666268283382874
Solving sources...
getting magnetic fields...
magnetic field at receivers...
getting output components
Done in 777.5138664245605 seconds!
sigma: [0.29216051 0.02694482]
thicks: [0.6001]
src x: 16.992954809974922
src z: -0.666268283382874
Solving sources...
getting magnetic fields...
magnetic field at receivers...
getting output components
Done in 892.9227619171143 seconds!
sigma: [0.29226051 0.02694482]
thicks: [0.6]
src x: 16.992954809974922
src z: -0.666268283382874
Solving sources...
getting magnetic fields...
magnetic field at receivers...
getting output components
Done in 829.0171394348145 seconds!
sigma: [0.29216051 0.02704482]
thicks: [0.6]
src x: 16.992954809974922
src z: -0.666268283382874
Solving sources...
getting magnetic fields...
magnetic field at receivers...
getting output components
Done in 601.1641685962677 seconds!
sigma: [0.29430132 0.02492578]
thicks: [0.6]
src x: 16.992954809974922
src z: -0.666268283382874
Solving sources...
getting magnetic fields...
magnetic field at receivers...
getting output components
Done in 525.4731607437134 seconds!
chi² = 53774.99 (dPhi = 2.75%) lam: 0.0
--------------------------------------------------------------------------------
inv.iter 4 ... sigma: [0.29430132 0.02492578]
thicks: [0.6]
src x: 16.992954809974922
src z: -0.666268283382874
Solving sources...
getting magnetic fields...
magnetic field at receivers...
getting output components
Done in 494.72815322875977 seconds!
sigma: [0.29430132 0.02492578]
thicks: [0.6001]
src x: 16.992954809974922
src z: -0.666268283382874
Solving sources...
getting magnetic fields...
magnetic field at receivers...
getting output components
Done in 462.55693912506104 seconds!
sigma: [0.29440132 0.02492578]
thicks: [0.6]
src x: 16.992954809974922
src z: -0.666268283382874
Solving sources...
getting magnetic fields...
magnetic field at receivers...
getting output components
Done in 475.6403434276581 seconds!
sigma: [0.29430132 0.02502578]
thicks: [0.6]
src x: 16.992954809974922
src z: -0.666268283382874
Solving sources...
getting magnetic fields...
magnetic field at receivers...
getting output components
Done in 439.2787070274353 seconds!
sigma: [0.29459659 0.02483365]
thicks: [0.6]
src x: 16.992954809974922
src z: -0.666268283382874
Solving sources...
getting magnetic fields...
magnetic field at receivers...
getting output components
Done in 379.45733308792114 seconds!
chi² = 53773.26 (dPhi = 0.00%) lam: 0.0
################################################################################
#                 Abort criterion reached: dPhi = 0.0 (< 2.0%)                 #
################################################################################
Initialized
fop: <__main__.FDEM25DModelling object at 0x7fd363486e80>
Data transformation: <pgcore._pygimli_.RTrans object at 0x7fd363ea6ab0>
Model transformation (cumulative):
	 0 <pgcore._pygimli_.RTransLogLU object at 0x7fd3635bbfb0>
	 1 <pgcore._pygimli_.RTransLogLU object at 0x7fd3635b9ee0>
min/max (data): 1.2e-04/0.08
min/max (error): 0.1%/0.1%
min/max (start model): 0.05/0.6
--------------------------------------------------------------------------------
sigma: [0.05 0.05]
thicks: [0.6]
src x: 17.993065158371063
src z: -0.6495332637409226
Solving sources...
getting magnetic fields...
magnetic field at receivers...
getting output components
Done in 385.7886459827423 seconds!
sigma: [0.05 0.05]
thicks: [0.6]
src x: 17.993065158371063
src z: -0.6495332637409226
Solving sources...
getting magnetic fields...
magnetic field at receivers...
getting output components
Done in 408.73081159591675 seconds!
sigma: [0.05 0.05]
thicks: [0.6001]
src x: 17.993065158371063
src z: -0.6495332637409226
Solving sources...
getting magnetic fields...
magnetic field at receivers...
getting output components
Done in 414.7471251487732 seconds!
sigma: [0.0501 0.05  ]
thicks: [0.6]
src x: 17.993065158371063
src z: -0.6495332637409226
Solving sources...
getting magnetic fields...
magnetic field at receivers...
getting output components
Done in 414.55982065200806 seconds!
sigma: [0.05   0.0501]
thicks: [0.6]
src x: 17.993065158371063
src z: -0.6495332637409226
Solving sources...
getting magnetic fields...
magnetic field at receivers...
getting output components
Done in 684.925183057785 seconds!
inv.iter 0 ... chi² = 200852.69
--------------------------------------------------------------------------------
inv.iter 1 ... sigma: [0.29704133 0.03250772]
thicks: [0.6]
src x: 17.993065158371063
src z: -0.6495332637409226
Solving sources...
getting magnetic fields...
magnetic field at receivers...
getting output components
Done in 834.4740765094757 seconds!
sigma: [0.29098373 0.03512628]
thicks: [0.6]
src x: 17.993065158371063
src z: -0.6495332637409226
Solving sources...
getting magnetic fields...
magnetic field at receivers...
getting output components
Done in 878.5210001468658 seconds!
chi² = 91593.82 (dPhi = 54.40%) lam: 0.0
--------------------------------------------------------------------------------
inv.iter 2 ... sigma: [0.29098373 0.03512628]
thicks: [0.6]
src x: 17.993065158371063
src z: -0.6495332637409226
Solving sources...
getting magnetic fields...
magnetic field at receivers...
getting output components
Done in 631.0610084533691 seconds!
sigma: [0.29098373 0.03512628]
thicks: [0.6001]
src x: 17.993065158371063
src z: -0.6495332637409226
Solving sources...
getting magnetic fields...
magnetic field at receivers...
getting output components
Done in 472.86116766929626 seconds!
sigma: [0.29108373 0.03512628]
thicks: [0.6]
src x: 17.993065158371063
src z: -0.6495332637409226
Solving sources...
getting magnetic fields...
magnetic field at receivers...
getting output components
Done in 417.42515778541565 seconds!
sigma: [0.29098373 0.03522628]
thicks: [0.6]
src x: 17.993065158371063
src z: -0.6495332637409226
Solving sources...
getting magnetic fields...
magnetic field at receivers...
getting output components
Done in 436.1599841117859 seconds!
sigma: [0.29329034 0.027166  ]
thicks: [0.6]
src x: 17.993065158371063
src z: -0.6495332637409226
Solving sources...
getting magnetic fields...
magnetic field at receivers...
getting output components
Done in 468.86674070358276 seconds!
chi² = 55207.93 (dPhi = 39.73%) lam: 0.0
--------------------------------------------------------------------------------
inv.iter 3 ... sigma: [0.29329034 0.027166  ]
thicks: [0.6]
src x: 17.993065158371063
src z: -0.6495332637409226
Solving sources...
getting magnetic fields...
magnetic field at receivers...
getting output components
Done in 382.73022198677063 seconds!
sigma: [0.29329034 0.027166  ]
thicks: [0.6001]
src x: 17.993065158371063
src z: -0.6495332637409226Calculating Jacobian matrix (forced=1)...... 1614.15 s
solve CGLSCDWWtrans with lambda = 0
Performing line search with tau = 1
3: Model: min = 0.0251842; max = 0.6
3: Response: min = 0.000103471; max = 0.0702473
3: rms/rrms(data, Response) = 0.00481342/23.1982%
3: chi^2(data, Response, error, log) = 53815.5
3: Phi = 968679+45.9981*0=968679
Calculating Jacobian matrix (forced=1)...... 3101.65 s
solve CGLSCDWWtrans with lambda = 0
Performing line search with tau = 0.99
4: Model: min = 0.0251019; max = 0.6
4: Response: min = 0.000103595; max = 0.0702406
4: rms/rrms(data, Response) = 0.00481367/23.1979%
4: chi^2(data, Response, error, log) = 53814.5
4: Phi = 968660+47.318*0=968660
min/max(dweight) = 12543.4/8.0272e+06
17/01/25 - 18:30:04 - pyGIMLi - [0;32;49mINFO[0m - Starting inversion.
use model trans from RegionManager
min/max(dweight) = 12543.4/8.0272e+06
Building constraints matrix
constraint matrix of size(nBounds x nModel) 1 x 3
check Jacobian: wrong dimensions: (0x0) should be (18x3)  force: 1
jacobian size invalid, forced recalc: 1
Calculating Jacobian matrix (forced=1)...... 1679.24 s
min data = 0.000124577 max data = 0.0797231 (18)
min error = 0.001 max error = 0.001 (18)
min response = 3.28086e-05 max response = 0.0514117 (18)
calc without reference model
0: rms/rrms(data, response) = 0.0111319/44.6999%
0: chi^2(data, response, error, log) = 199808
0: Phi = 3.59655e+06 + 0 * 0 = 3.59655e+06
solve CGLSCDWWtrans with lambda = 0
1: LS newModel: min = 0.0327118; max = 0.6
1: LS newResponse: min = 0.000113422; max = 0.0768394
1: rms/rrms(data, LS newResponse) = 0.00470109/28.194%
1: chi^2(data, LS newResponse, error, log) = 79490.4
1: Phi = 1.43083e+06+47.3338*0=1.43083e+06
Performing line search with tau = 0.82
1: Model: min = 0.0353076; max = 0.6
1: Response: min = 0.000113402; max = 0.078033
1: rms/rrms(data, Response) = 0.00481058/30.1041%
1: chi^2(data, Response, error, log) = 90625.9
1: Phi = 1.63127e+06+31.8272*0=1.63127e+06
Calculating Jacobian matrix (forced=1)...... 1703.79 s
solve CGLSCDWWtrans with lambda = 0
Performing line search with tau = 1
2: Model: min = 0.0274135; max = 0.6
2: Response: min = 0.000104352; max = 0.0718536
2: rms/rrms(data, Response) = 0.00478608/23.6395%
2: chi^2(data, Response, error, log) = 55882.6
2: Phi = 1.00589e+06+39.8069*0=1.00589e+06
Calculating Jacobian matrix (forced=1)...... 2533.58 s
solve CGLSCDWWtrans with lambda = 0
Performing line search with tau = 1
3: Model: min = 0.0254662; max = 0.6
3: Response: min = 0.00010319; max = 0.0705762
3: rms/rrms(data, Response) = 0.00492051/23.3635%
3: chi^2(data, Response, error, log) = 54585.4
3: Phi = 982537+46.9129*0=982537

Solving sources...
getting magnetic fields...
magnetic field at receivers...
getting output components
Done in 381.5303854942322 seconds!
sigma: [0.29339034 0.027166  ]
thicks: [0.6]
src x: 17.993065158371063
src z: -0.6495332637409226
Solving sources...
getting magnetic fields...
magnetic field at receivers...
getting output components
Done in 430.3828887939453 seconds!
sigma: [0.29329034 0.027266  ]
thicks: [0.6]
src x: 17.993065158371063
src z: -0.6495332637409226
Solving sources...
getting magnetic fields...
magnetic field at receivers...
getting output components
Done in 406.85547161102295 seconds!
sigma: [0.29551532 0.02518425]
thicks: [0.6]
src x: 17.993065158371063
src z: -0.6495332637409226
Solving sources...
getting magnetic fields...
magnetic field at receivers...
getting output components
Done in 414.2161326408386 seconds!
chi² = 53815.49 (dPhi = 2.52%) lam: 0.0
--------------------------------------------------------------------------------
inv.iter 4 ... sigma: [0.29551532 0.02518425]
thicks: [0.6]
src x: 17.993065158371063
src z: -0.6495332637409226
Solving sources...
getting magnetic fields...
magnetic field at receivers...
getting output components
Done in 468.18655133247375 seconds!
sigma: [0.29551532 0.02518425]
thicks: [0.6001]
src x: 17.993065158371063
src z: -0.6495332637409226
Solving sources...
getting magnetic fields...
magnetic field at receivers...
getting output components
Done in 908.9474549293518 seconds!
sigma: [0.29561532 0.02518425]
thicks: [0.6]
src x: 17.993065158371063
src z: -0.6495332637409226
Solving sources...
getting magnetic fields...
magnetic field at receivers...
getting output components
Done in 922.6164510250092 seconds!
sigma: [0.29551532 0.02528425]
thicks: [0.6]
src x: 17.993065158371063
src z: -0.6495332637409226
Solving sources...
getting magnetic fields...
magnetic field at receivers...
getting output components
Done in 781.3759250640869 seconds!
sigma: [0.29590495 0.02510186]
thicks: [0.6]
src x: 17.993065158371063
src z: -0.6495332637409226
Solving sources...
getting magnetic fields...
magnetic field at receivers...
getting output components
Done in 392.36600613594055 seconds!
chi² = 53814.47 (dPhi = 0.00%) lam: 0.0
################################################################################
#                 Abort criterion reached: dPhi = 0.0 (< 2.0%)                 #
################################################################################
Initialized
fop: <__main__.FDEM25DModelling object at 0x7fd3634857b0>
Data transformation: <pgcore._pygimli_.RTrans object at 0x7fd363ea6ab0>
Model transformation (cumulative):
	 0 <pgcore._pygimli_.RTransLogLU object at 0x7fd3635b9490>
	 1 <pgcore._pygimli_.RTransLogLU object at 0x7fd3635baac0>
min/max (data): 1.2e-04/0.08
min/max (error): 0.1%/0.1%
min/max (start model): 0.05/0.6
--------------------------------------------------------------------------------
sigma: [0.05 0.05]
thicks: [0.6]
src x: 18.99323644788422
src z: -0.6328228803842174
Solving sources...
getting magnetic fields...
magnetic field at receivers...
getting output components
Done in 372.80712962150574 seconds!
sigma: [0.05 0.05]
thicks: [0.6]
src x: 18.99323644788422
src z: -0.6328228803842174
Solving sources...
getting magnetic fields...
magnetic field at receivers...
getting output components
Done in 402.736216545105 seconds!
sigma: [0.05 0.05]
thicks: [0.6001]
src x: 18.99323644788422
src z: -0.6328228803842174
Solving sources...
getting magnetic fields...
magnetic field at receivers...
getting output components
Done in 407.1300537586212 seconds!
sigma: [0.0501 0.05  ]
thicks: [0.6]
src x: 18.99323644788422
src z: -0.6328228803842174
Solving sources...
getting magnetic fields...
magnetic field at receivers...
getting output components
Done in 439.651823759079 seconds!
sigma: [0.05   0.0501]
thicks: [0.6]
src x: 18.99323644788422
src z: -0.6328228803842174
Solving sources...
getting magnetic fields...
magnetic field at receivers...
getting output components
Done in 418.9039738178253 seconds!
inv.iter 0 ... chi² = 199808.50
--------------------------------------------------------------------------------
inv.iter 1 ... sigma: [0.29710315 0.03271177]
thicks: [0.6]
src x: 18.99323644788422
src z: -0.6328228803842174
Solving sources...
getting magnetic fields...
magnetic field at receivers...
getting output components
Done in 455.99235248565674 seconds!
sigma: [0.29113534 0.03530761]
thicks: [0.6]
src x: 18.99323644788422
src z: -0.6328228803842174
Solving sources...
getting magnetic fields...
magnetic field at receivers...
getting output components
Done in 433.3961958885193 seconds!
chi² = 90625.91 (dPhi = 54.64%) lam: 0.0
--------------------------------------------------------------------------------
inv.iter 2 ... sigma: [0.29113534 0.03530761]
thicks: [0.6]
src x: 18.99323644788422
src z: -0.6328228803842174
Solving sources...
getting magnetic fields...
magnetic field at receivers...
getting output components
Done in 445.4104526042938 seconds!
sigma: [0.29113534 0.03530761]
thicks: [0.6001]
src x: 18.99323644788422
src z: -0.6328228803842174
Solving sources...
getting magnetic fields...
magnetic field at receivers...
getting output components
Done in 407.097772359848 seconds!
sigma: [0.29123534 0.03530761]
thicks: [0.6]
src x: 18.99323644788422
src z: -0.6328228803842174
Solving sources...
getting magnetic fields...
magnetic field at receivers...
getting output components
Done in 412.55964159965515 seconds!
sigma: [0.29113534 0.03540761]
thicks: [0.6]
src x: 18.99323644788422
src z: -0.6328228803842174
Solving sources...
getting magnetic fields...
magnetic field at receivers...
getting output components
Done in 428.67257618904114 seconds!
sigma: [0.29361396 0.02741345]
thicks: [0.6]
src x: 18.99323644788422
src z: -0.6328228803842174
Solving sources...
getting magnetic fields...
magnetic field at receivers...
getting output components
Done in 705.6539263725281 seconds!
chi² = 55882.58 (dPhi = 38.34%) lam: 0.0
--------------------------------------------------------------------------------
inv.iter 3 ... sigma: [0.29361396 0.02741345]
thicks: [0.6]
src x: 18.99323644788422
src z: -0.6328228803842174
Solving sources...
getting magnetic fields...
magnetic field at receivers...
getting output components
Done in 904.4936516284943 seconds!
sigma: [0.29361396 0.02741345]
thicks: [0.6001]
src x: 18.99323644788422
src z: -0.6328228803842174
Solving sources...
getting magnetic fields...
magnetic field at receivers...
getting output components
Done in 594.5069763660431 seconds!
sigma: [0.29371396 0.02741345]
thicks: [0.6]
src x: 18.99323644788422
src z: -0.6328228803842174
Solving sources...
getting magnetic fields...
magnetic field at receivers...
getting output components
Done in 571.9462642669678 seconds!
sigma: [0.29361396 0.02751345]
thicks: [0.6]
src x: 18.99323644788422
src z: -0.6328228803842174
Solving sources...
getting magnetic fields...
magnetic field at receivers...
getting output components
Done in 438.0028953552246 seconds!
sigma: [0.29586348 0.0254662 ]
thicks: [0.6]
src x: 18.99323644788422
src z: -0.6328228803842174
Solving sources...
getting magnetic fields...
magnetic field at receivers...
getting output components
Done in 644.4210667610168 seconds!
chi² = 54585.41 (dPhi = 2.32%) lam: 0.0
--------------------------------------------------------------------------------
inv.iter 4 ... sigma: [0.29586348 0.0254662 ]
thicks: [0.6]
src x: 18.99323644788422
src z: -0.6328228803842174
Solving sources...
getting magnetic fields...
magnetic field at receivers...
getting output components
Done in 524.7685832977295 seconds!
sigma: [0.29586348 0.0254662 ]
thicks: [0.6001]
src x: 18.99323644788422
src z: -0.6328228803842174
Solving sources...
getting magnetic fields...
magnetic field at receivers...
getting output components
Done in 429.18876028060913 seconds!
sigma: [0.29596348 0.0254662 ]
thicks: [0.6]
src x: 18.99323644788422
src z: -0.6328228803842174
Solving sources...
getting magnetic fields...
magnetic field at receivers...
getting output components
Done in 503.0596225261688 seconds!
sigma: [0.29586348 0.0255662 ]
thicks: [0.6]
src x: Calculating Jacobian matrix (forced=1)...... 1938.14 s
solve CGLSCDWWtrans with lambda = 0
Performing line search with tau = 0.99
4: Model: min = 0.0253928; max = 0.6
4: Response: min = 0.00010334; max = 0.0705813
4: rms/rrms(data, Response) = 0.00491954/23.3634%
4: chi^2(data, Response, error, log) = 54584.6
4: Phi = 982524+48.4513*0=982524
min/max(dweight) = 12466.7/8.00924e+06
17/01/25 - 21:33:18 - pyGIMLi - [0;32;49mINFO[0m - Starting inversion.
use model trans from RegionManager
min/max(dweight) = 12466.7/8.00924e+06
Building constraints matrix
constraint matrix of size(nBounds x nModel) 1 x 3
check Jacobian: wrong dimensions: (0x0) should be (18x3)  force: 1
jacobian size invalid, forced recalc: 1
Calculating Jacobian matrix (forced=1)...... 2302.54 s
min data = 0.000124856 max data = 0.0802138 (18)
min error = 0.001 max error = 0.001 (18)
min response = 3.25435e-05 max response = 0.0514538 (18)
calc without reference model
0: rms/rrms(data, response) = 0.0112191/44.6484%
0: chi^2(data, response, error, log) = 199348
0: Phi = 3.58826e+06 + 0 * 0 = 3.58826e+06
solve CGLSCDWWtrans with lambda = 0
1: LS newModel: min = 0.0328341; max = 0.6
1: LS newResponse: min = 0.000112577; max = 0.0769989
1: rms/rrms(data, LS newResponse) = 0.00472563/28.1349%
1: chi^2(data, LS newResponse, error, log) = 79157.4
1: Phi = 1.42483e+06+47.5752*0=1.42483e+06
Performing line search with tau = 0.82
1: Model: min = 0.0354162; max = 0.6
1: Response: min = 0.000112599; max = 0.078197
1: rms/rrms(data, Response) = 0.00481901/29.989%
1: chi^2(data, Response, error, log) = 89934.2
1: Phi = 1.61882e+06+31.9896*0=1.61882e+06
Calculating Jacobian matrix (forced=1)...... 1958.26 s
solve CGLSCDWWtrans with lambda = 0
Performing line search with tau = 1
2: Model: min = 0.027558; max = 0.6
2: Response: min = 0.000103807; max = 0.072085
2: rms/rrms(data, Response) = 0.00484719/23.745%
2: chi^2(data, Response, error, log) = 56382.5
2: Phi = 1.01489e+06+40.5826*0=1.01489e+06
Calculating Jacobian matrix (forced=1)...... 1832.83 s
solve CGLSCDWWtrans with lambda = 0
Performing line search with tau = 1
3: Model: min = 0.0256294; max = 0.6
3: Response: min = 0.0001027; max = 0.0708301
3: rms/rrms(data, Response) = 0.00498742/23.4844%
3: chi^2(data, Response, error, log) = 55151.9
3: Phi = 992735+48.4394*0=992735
Calculating Jacobian matrix (forced=1)...... 3305.02 s
solve CGLSCDWWtrans with lambda = 0
Performing line search with tau = 1
4: Model: min = 0.0255614; max = 0.6
4: Response: min = 0.000102889; max = 0.0708489
4: rms/rrms(data, Response) = 0.0049848/23.4843%
4: chi^2(data, Response, error, log) = 55151.2
4: Phi = 992721+50.4493*0=992721
min/max(dweight) = 12407/7.97267e+06
18/01/25 - 01:07:05 - pyGIMLi - [0;32;49mINFO[0m - Starting inversion.
use model trans from RegionManager
min/max(dweight) = 12407/7.97267e+06
Building constraints matrix
constraint matrix of size(nBounds x nModel) 1 x 3
check Jacobian: wrong dimensions: (0x0) should be (18x3)  force: 1
jacobian size invalid, forced recalc: 1
18.99323644788422
src z: -0.6328228803842174
Solving sources...
getting magnetic fields...
magnetic field at receivers...
getting output components
Done in 471.6574721336365 seconds!
sigma: [0.2962799  0.02539277]
thicks: [0.6]
src x: 18.99323644788422
src z: -0.6328228803842174
Solving sources...
getting magnetic fields...
magnetic field at receivers...
getting output components
Done in 500.2250554561615 seconds!
chi² = 54584.64 (dPhi = 0.00%) lam: 0.0
################################################################################
#                 Abort criterion reached: dPhi = 0.0 (< 2.0%)                 #
################################################################################
Initialized
fop: <__main__.FDEM25DModelling object at 0x7fd363f0f470>
Data transformation: <pgcore._pygimli_.RTrans object at 0x7fd363ea6c70>
Model transformation (cumulative):
	 0 <pgcore._pygimli_.RTransLogLU object at 0x7fd363d30a90>
	 1 <pgcore._pygimli_.RTransLogLU object at 0x7fd363484e50>
min/max (data): 1.2e-04/0.08
min/max (error): 0.1%/0.1%
min/max (start model): 0.05/0.6
--------------------------------------------------------------------------------
sigma: [0.05 0.05]
thicks: [0.6]
src x: 19.99347007262929
src z: -0.6162157475181652
Solving sources...
getting magnetic fields...
magnetic field at receivers...
getting output components
Done in 514.0439133644104 seconds!
sigma: [0.05 0.05]
thicks: [0.6]
src x: 19.99347007262929
src z: -0.6162157475181652
Solving sources...
getting magnetic fields...
magnetic field at receivers...
getting output components
Done in 404.1983308792114 seconds!
sigma: [0.05 0.05]
thicks: [0.6001]
src x: 19.99347007262929
src z: -0.6162157475181652
Solving sources...
getting magnetic fields...
magnetic field at receivers...
getting output components
Done in 405.28756380081177 seconds!
sigma: [0.0501 0.05  ]
thicks: [0.6]
src x: 19.99347007262929
src z: -0.6162157475181652
Solving sources...
getting magnetic fields...
magnetic field at receivers...
getting output components
Done in 702.8310129642487 seconds!
sigma: [0.05   0.0501]
thicks: [0.6]
src x: 19.99347007262929
src z: -0.6162157475181652
Solving sources...
getting magnetic fields...
magnetic field at receivers...
getting output components
Done in 780.0295407772064 seconds!
inv.iter 0 ... chi² = 199347.70
--------------------------------------------------------------------------------
inv.iter 1 ... sigma: [0.29716667 0.03283412]
thicks: [0.6]
src x: 19.99347007262929
src z: -0.6162157475181652
Solving sources...
getting magnetic fields...
magnetic field at receivers...
getting output components
Done in 690.0989654064178 seconds!
sigma: [0.29129185 0.03541623]
thicks: [0.6]
src x: 19.99347007262929
src z: -0.6162157475181652
Solving sources...
getting magnetic fields...
magnetic field at receivers...
getting output components
Done in 793.4739813804626 seconds!
chi² = 89934.18 (dPhi = 54.89%) lam: 0.0
--------------------------------------------------------------------------------
inv.iter 2 ... sigma: [0.29129185 0.03541623]
thicks: [0.6]
src x: 19.99347007262929
src z: -0.6162157475181652
Solving sources...
getting magnetic fields...
magnetic field at receivers...
getting output components
Done in 646.951943397522 seconds!
sigma: [0.29129185 0.03541623]
thicks: [0.6001]
src x: 19.99347007262929
src z: -0.6162157475181652
Solving sources...
getting magnetic fields...
magnetic field at receivers...
getting output components
Done in 426.47630763053894 seconds!
sigma: [0.29139185 0.03541623]
thicks: [0.6]
src x: 19.99347007262929
src z: -0.6162157475181652
Solving sources...
getting magnetic fields...
magnetic field at receivers...
getting output components
Done in 399.3510365486145 seconds!
sigma: [0.29129185 0.03551623]
thicks: [0.6]
src x: 19.99347007262929
src z: -0.6162157475181652
Solving sources...
getting magnetic fields...
magnetic field at receivers...
getting output components
Done in 475.50076484680176 seconds!
sigma: [0.29402609 0.02755805]
thicks: [0.6]
src x: 19.99347007262929
src z: -0.6162157475181652
Solving sources...
getting magnetic fields...
magnetic field at receivers...
getting output components
Done in 455.1681635379791 seconds!
chi² = 56382.51 (dPhi = 37.31%) lam: 0.0
--------------------------------------------------------------------------------
inv.iter 3 ... sigma: [0.29402609 0.02755805]
thicks: [0.6]
src x: 19.99347007262929
src z: -0.6162157475181652
Solving sources...
getting magnetic fields...
magnetic field at receivers...
getting output components
Done in 470.2483286857605 seconds!
sigma: [0.29402609 0.02755805]
thicks: [0.6001]
src x: 19.99347007262929
src z: -0.6162157475181652
Solving sources...
getting magnetic fields...
magnetic field at receivers...
getting output components
Done in 456.50123476982117 seconds!
sigma: [0.29412609 0.02755805]
thicks: [0.6]
src x: 19.99347007262929
src z: -0.6162157475181652
Solving sources...
getting magnetic fields...
magnetic field at receivers...
getting output components
Done in 470.247282743454 seconds!
sigma: [0.29402609 0.02765805]
thicks: [0.6]
src x: 19.99347007262929
src z: -0.6162157475181652
Solving sources...
getting magnetic fields...
magnetic field at receivers...
getting output components
Done in 426.16708755493164 seconds!
sigma: [0.29632208 0.02562939]
thicks: [0.6]
src x: 19.99347007262929
src z: -0.6162157475181652
Solving sources...
getting magnetic fields...
magnetic field at receivers...
getting output components
Done in 429.81214785575867 seconds!
chi² = 55151.93 (dPhi = 2.18%) lam: 0.0
--------------------------------------------------------------------------------
inv.iter 4 ... sigma: [0.29632208 0.02562939]
thicks: [0.6]
src x: 19.99347007262929
src z: -0.6162157475181652
Solving sources...
getting magnetic fields...
magnetic field at receivers...
getting output components
Done in 486.5708432197571 seconds!
sigma: [0.29632208 0.02562939]
thicks: [0.6001]
src x: 19.99347007262929
src z: -0.6162157475181652
Solving sources...
getting magnetic fields...
magnetic field at receivers...
getting output components
Done in 907.8015024662018 seconds!
sigma: [0.29642208 0.02562939]
thicks: [0.6]
src x: 19.99347007262929
src z: -0.6162157475181652
Solving sources...
getting magnetic fields...
magnetic field at receivers...
getting output components
Done in 1075.1082611083984 seconds!
sigma: [0.29632208 0.02572939]
thicks: [0.6]
src x: 19.99347007262929
src z: -0.6162157475181652
Solving sources...
getting magnetic fields...
magnetic field at receivers...
getting output components
Done in 815.7101392745972 seconds!
sigma: [0.29679536 0.02556136]
thicks: [0.6]
src x: 19.99347007262929
src z: -0.6162157475181652
Solving sources...
getting magnetic fields...
magnetic field at receivers...
getting output components
Done in 519.7476587295532 seconds!
chi² = 55151.17 (dPhi = 0.00%) lam: 0.0
################################################################################
#                 Abort criterion reached: dPhi = 0.0 (< 2.0%)                 #
################################################################################
Initialized
fop: <__main__.FDEM25DModelling object at 0x7fd363484450>
Data transformation: <pgcore._pygimli_.RTrans object at 0x7fd3637fba00>
Model transformation (cumulative):
	 0 <pgcore._pygimli_.RTransLogLU object at 0x7fd363486840>
	 1 <pgcore._pygimli_.RTransLogLU object at 0x7fd363486930>
min/max (data): 1.3e-04/0.08
min/max (error): 0.1%/0.1%
min/max (start model): 0.05/0.6
--------------------------------------------------------------------------------
sigma: [0.05 0.05]
thicks: [0.6]
src x: 20.993766135882648
src z: -0.5997937531627769
Solving sources...
getting magnetic fields...
magnetic field at receivers...
getting output components
Done in 412.1128146648407 seconds!
sigma: [0.05 0.05]
thicks: [0.6]
src x: 20.993766135882648
src z: -0.5997937531627769
Solving sources...
getting magnetic fields...
magnetic field at receivers...
getting output components
Done in 406.24449586868286 seconds!
sigma: [0.05 0.05]
thicks: [0.6001]
src x: 20.993766135882648
src z: -0.5997937531627769
Solving sources...
getting magnetic fields...
Calculating Jacobian matrix (forced=1)...... 1707.66 s
min data = 0.000125429 max data = 0.0805998 (18)
min error = 0.001 max error = 0.001 (18)
min response = 3.22536e-05 max response = 0.0515032 (18)
calc without reference model
0: rms/rrms(data, response) = 0.0112841/44.6316%
0: chi^2(data, response, error, log) = 199198
0: Phi = 3.58556e+06 + 0 * 0 = 3.58556e+06
solve CGLSCDWWtrans with lambda = 0
1: LS newModel: min = 0.0328751; max = 0.6
1: LS newResponse: min = 0.000111532; max = 0.0771037
1: rms/rrms(data, LS newResponse) = 0.00476322/27.9576%
1: chi^2(data, LS newResponse, error, log) = 78163
1: Phi = 1.40693e+06+48.0041*0=1.40693e+06
Performing line search with tau = 0.83
1: Model: min = 0.035304; max = 0.6
1: Response: min = 0.000111727; max = 0.0782797
1: rms/rrms(data, Response) = 0.00483988/29.6868%
1: chi^2(data, Response, error, log) = 88130.6
1: Phi = 1.58635e+06+33.07*0=1.58635e+06
Calculating Jacobian matrix (forced=1)...... 2654.59 s
solve CGLSCDWWtrans with lambda = 0
Performing line search with tau = 1
2: Model: min = 0.0275641; max = 0.6
2: Response: min = 0.000103235; max = 0.0722787
2: rms/rrms(data, Response) = 0.00489953/23.7007%
2: chi^2(data, Response, error, log) = 56172.4
2: Phi = 1.0111e+06+42.6002*0=1.0111e+06
Calculating Jacobian matrix (forced=1)...... 2133.75 s
solve CGLSCDWWtrans with lambda = 0
Performing line search with tau = 1
3: Model: min = 0.0256689; max = 0.6
3: Response: min = 0.000102181; max = 0.0710513
3: rms/rrms(data, Response) = 0.00503971/23.4578%
3: chi^2(data, Response, error, log) = 55026.8
3: Phi = 990482+52.2048*0=990482
Calculating Jacobian matrix (forced=1)...... 2181.8 s
solve CGLSCDWWtrans with lambda = 0
Performing line search with tau = 1
4: Model: min = 0.0256057; max = 0.6
4: Response: min = 0.000102436; max = 0.0710917
4: rms/rrms(data, Response) = 0.00503435/23.4575%
4: chi^2(data, Response, error, log) = 55025.5
4: Phi = 990459+55.6736*0=990459
min/max(dweight) = 12444.9/8.04559e+06
18/01/25 - 04:22:58 - pyGIMLi - [0;32;49mINFO[0m - Starting inversion.
use model trans from RegionManager
min/max(dweight) = 12444.9/8.04559e+06
Building constraints matrix
constraint matrix of size(nBounds x nModel) 1 x 3
check Jacobian: wrong dimensions: (0x0) should be (18x3)  force: 1
jacobian size invalid, forced recalc: 1
Calculating Jacobian matrix (forced=1)...... 2245.73 s
min data = 0.000124292 max data = 0.0803542 (18)
min error = 0.001 max error = 0.001 (18)
min response = 3.10446e-05 max response = 0.0508732 (18)
calc without reference model
0: rms/rrms(data, response) = 0.0114499/45.4586%
0: chi^2(data, response, error, log) = 206648
0: Phi = 3.71967e+06 + 0 * 0 = 3.71967e+06
solve CGLSCDWWtrans with lambda = 0
1: LS newModel: min = 0.0317203; max = 0.6
1: LS newResponse: min = 0.000103664; max = 0.0757178
1: rms/rrms(data, LS newResponse) = 0.00477262/26.9878%
1: chi^2(data, LS newResponse, error, log) = 72834.3
1: Phi = 1.31102e+06+55.0054*0=1.31102e+06
Performing line search with tau = 0.91
1: Model: min = 0.0330432; max = 0.6
1: Response: min = 0.000104535; max = 0.0765661
1: rms/rrms(data, Response) = 0.00480016/28.3084%
1: chi^2(data, Response, error, log) = 80136.4
1: Phi = 1.44246e+06+45.5499*0=1.44246e+06
magnetic field at receivers...
getting output components
Done in 423.8088929653168 seconds!
sigma: [0.0501 0.05  ]
thicks: [0.6]
src x: 20.993766135882648
src z: -0.5997937531627769
Solving sources...
getting magnetic fields...
magnetic field at receivers...
getting output components
Done in 453.4142291545868 seconds!
sigma: [0.05   0.0501]
thicks: [0.6]
src x: 20.993766135882648
src z: -0.5997937531627769
Solving sources...
getting magnetic fields...
magnetic field at receivers...
getting output components
Done in 413.2342059612274 seconds!
inv.iter 0 ... chi² = 199197.61
--------------------------------------------------------------------------------
inv.iter 1 ... sigma: [0.29725681 0.0328751 ]
thicks: [0.6]
src x: 20.993766135882648
src z: -0.5997937531627769
Solving sources...
getting magnetic fields...
magnetic field at receivers...
getting output components
Done in 488.45353627204895 seconds!
sigma: [0.29202572 0.03530403]
thicks: [0.6]
src x: 20.993766135882648
src z: -0.5997937531627769
Solving sources...
getting magnetic fields...
magnetic field at receivers...
getting output components
Done in 487.1713092327118 seconds!
chi² = 88130.61 (dPhi = 55.76%) lam: 0.0
--------------------------------------------------------------------------------
inv.iter 2 ... sigma: [0.29202572 0.03530403]
thicks: [0.6]
src x: 20.993766135882648
src z: -0.5997937531627769
Solving sources...
getting magnetic fields...
magnetic field at receivers...
getting output components
Done in 509.7562153339386 seconds!
sigma: [0.29202572 0.03530403]
thicks: [0.6001]
src x: 20.993766135882648
src z: -0.5997937531627769
Solving sources...
getting magnetic fields...
magnetic field at receivers...
getting output components
Done in 550.7006895542145 seconds!
sigma: [0.29212572 0.03530403]
thicks: [0.6]
src x: 20.993766135882648
src z: -0.5997937531627769
Solving sources...
getting magnetic fields...
magnetic field at receivers...
getting output components
Done in 798.722559928894 seconds!
sigma: [0.29202572 0.03540403]
thicks: [0.6]
src x: 20.993766135882648
src z: -0.5997937531627769
Solving sources...
getting magnetic fields...
magnetic field at receivers...
getting output components
Done in 784.150964975357 seconds!
sigma: [0.29487764 0.02756411]
thicks: [0.6]
src x: 20.993766135882648
src z: -0.5997937531627769
Solving sources...
getting magnetic fields...
magnetic field at receivers...
getting output components
Done in 531.7117896080017 seconds!
chi² = 56172.42 (dPhi = 36.26%) lam: 0.0
--------------------------------------------------------------------------------
inv.iter 3 ... sigma: [0.29487764 0.02756411]
thicks: [0.6]
src x: 20.993766135882648
src z: -0.5997937531627769
Solving sources...
getting magnetic fields...
magnetic field at receivers...
getting output components
Done in 443.8651282787323 seconds!
sigma: [0.29487764 0.02756411]
thicks: [0.6001]
src x: 20.993766135882648
src z: -0.5997937531627769
Solving sources...
getting magnetic fields...
magnetic field at receivers...
getting output components
Done in 592.4125409126282 seconds!
sigma: [0.29497764 0.02756411]
thicks: [0.6]
src x: 20.993766135882648
src z: -0.5997937531627769
Solving sources...
getting magnetic fields...
magnetic field at receivers...
getting output components
Done in 615.829329252243 seconds!
sigma: [0.29487764 0.02766411]
thicks: [0.6]
src x: 20.993766135882648
src z: -0.5997937531627769
Solving sources...
getting magnetic fields...
magnetic field at receivers...
getting output components
Done in 471.8500506877899 seconds!
sigma: [0.29717706 0.02566887]
thicks: [0.6]
src x: 20.993766135882648
src z: -0.5997937531627769
Solving sources...
getting magnetic fields...
magnetic field at receivers...
getting output components
Done in 465.2036793231964 seconds!
chi² = 55026.80 (dPhi = 2.04%) lam: 0.0
--------------------------------------------------------------------------------
inv.iter 4 ... sigma: [0.29717706 0.02566887]
thicks: [0.6]
src x: 20.993766135882648
src z: -0.5997937531627769
Solving sources...
getting magnetic fields...
magnetic field at receivers...
getting output components
Done in 538.2619562149048 seconds!
sigma: [0.29717706 0.02566887]
thicks: [0.6001]
src x: 20.993766135882648
src z: -0.5997937531627769
Solving sources...
getting magnetic fields...
magnetic field at receivers...
getting output components
Done in 535.0011069774628 seconds!
sigma: [0.29727706 0.02566887]
thicks: [0.6]
src x: 20.993766135882648
src z: -0.5997937531627769
Solving sources...
getting magnetic fields...
magnetic field at receivers...
getting output components
Done in 545.3901689052582 seconds!
sigma: [0.29717706 0.02576887]
thicks: [0.6]
src x: 20.993766135882648
src z: -0.5997937531627769
Solving sources...
getting magnetic fields...
magnetic field at receivers...
getting output components
Done in 552.7476456165314 seconds!
sigma: [0.2977591  0.02560565]
thicks: [0.6]
src x: 20.993766135882648
src z: -0.5997937531627769
Solving sources...
getting magnetic fields...
magnetic field at receivers...
getting output components
Done in 672.2580010890961 seconds!
chi² = 55025.52 (dPhi = 0.00%) lam: 0.0
################################################################################
#                 Abort criterion reached: dPhi = 0.0 (< 2.0%)                 #
################################################################################
Initialized
fop: <__main__.FDEM25DModelling object at 0x7fd3634848b0>
Data transformation: <pgcore._pygimli_.RTrans object at 0x7fd363ea6c70>
Model transformation (cumulative):
	 0 <pgcore._pygimli_.RTransLogLU object at 0x7fd363487e70>
	 1 <pgcore._pygimli_.RTransLogLU object at 0x7fd3634864d0>
min/max (data): 1.2e-04/0.08
min/max (error): 0.1%/0.1%
min/max (start model): 0.05/0.6
--------------------------------------------------------------------------------
sigma: [0.05 0.05]
thicks: [0.6]
src x: 21.994123288392885
src z: -0.5836417214327859
Solving sources...
getting magnetic fields...
magnetic field at receivers...
getting output components
Done in 801.6115856170654 seconds!
sigma: [0.05 0.05]
thicks: [0.6]
src x: 21.994123288392885
src z: -0.5836417214327859
Solving sources...
getting magnetic fields...
magnetic field at receivers...
getting output components
Done in 595.7228345870972 seconds!
sigma: [0.05 0.05]
thicks: [0.6001]
src x: 21.994123288392885
src z: -0.5836417214327859
Solving sources...
getting magnetic fields...
magnetic field at receivers...
getting output components
Done in 661.6899647712708 seconds!
sigma: [0.0501 0.05  ]
thicks: [0.6]
src x: 21.994123288392885
src z: -0.5836417214327859
Solving sources...
getting magnetic fields...
magnetic field at receivers...
getting output components
Done in 523.7727689743042 seconds!
sigma: [0.05   0.0501]
thicks: [0.6]
src x: 21.994123288392885
src z: -0.5836417214327859
Solving sources...
getting magnetic fields...
magnetic field at receivers...
getting output components
Done in 441.0207393169403 seconds!
inv.iter 0 ... chi² = 206648.39
--------------------------------------------------------------------------------
inv.iter 1 ... sigma: [0.29822996 0.03172035]
thicks: [0.6]
src x: 21.994123288392885
src z: -0.5836417214327859
Solving sources...
getting magnetic fields...
magnetic field at receivers...
getting output components
Done in 526.4704298973083 seconds!
sigma: [0.29674513 0.03304316]
thicks: [0.6]
src x: 21.994123288392885
src z: -0.5836417214327859
Solving sources...
getting magnetic fields...
magnetic field at receivers...
getting output components
Done in 598.4429485797882 seconds!
chi² = 80136.43 (dPhi = 61.22%) lam: 0.0
--------------------------------------------------------------------------------
inv.iter 2 ... sigma: [0.29674513 0.03304316]
thicks: [0.6]
src x: 21.994123288392885
src z: -0.5836417214327859
Solving sources...
getting magnetic fields...
magnetic field at receivers...
getting output components
Done in 486.5769896507263 seconds!
sigma: [0.29674513 0.03304316]
thicks: [0.6001]
src x: 21.994123288392885
src z: -0.5836417214327859
Solving sources...
getting magnetic fields...
magnetic field at receivers...
getting output components
Done in Calculating Jacobian matrix (forced=1)...... 3249.28 s
solve CGLSCDWWtrans with lambda = 0
Performing line search with tau = 0.97
2: Model: min = 0.0249029; max = 0.6
2: Response: min = 9.62544e-05; max = 0.0703546
2: rms/rrms(data, Response) = 0.00516727/23.4436%
2: chi^2(data, Response, error, log) = 54960.4
2: Phi = 989288+158.64*0=989288
Calculating Jacobian matrix (forced=1)...... 1840.77 s
solve CGLSCDWWtrans with lambda = 0
tau = 0. Trying parabolic line search with step length 0.3 ==> tau = -0.278265
 tau < 0.03 ==> tau = 0.03
3: LS newModel: min = 0.0236729; max = 0.6
3: LS newResponse: min = 9.48163e-05; max = 0.0693294
3: rms/rrms(data, LS newResponse) = 0.00533476/23.6535%
3: chi^2(data, LS newResponse, error, log) = 55948.6
3: Phi = 1.00707e+06+445.142*0=1.00707e+06
Performing line search with tau = 0.03
3: Model: min = 0.024865; max = 0.6
3: Response: min = 9.62169e-05; max = 0.0703252
3: rms/rrms(data, Response) = 0.00517172/23.4457%
3: chi^2(data, Response, error, log) = 54970
3: Phi = 989460+442.353*0=989460
min/max(dweight) = 12411.6/8.02903e+06
18/01/25 - 07:32:09 - pyGIMLi - [0;32;49mINFO[0m - Starting inversion.
use model trans from RegionManager
min/max(dweight) = 12411.6/8.02903e+06
Building constraints matrix
constraint matrix of size(nBounds x nModel) 1 x 3
check Jacobian: wrong dimensions: (0x0) should be (18x3)  force: 1
jacobian size invalid, forced recalc: 1
Calculating Jacobian matrix (forced=1)...... 1588.78 s
min data = 0.000124548 max data = 0.0805697 (18)
min error = 0.001 max error = 0.001 (18)
min response = 3.07408e-05 max response = 0.0509375 (18)
calc without reference model
0: rms/rrms(data, response) = 0.0114777/45.4697%
0: chi^2(data, response, error, log) = 206749
0: Phi = 3.72149e+06 + 0 * 0 = 3.72149e+06
solve CGLSCDWWtrans with lambda = 0
1: LS newModel: min = 0.0316735; max = 0.6
1: LS newResponse: min = 0.000102445; max = 0.075762
1: rms/rrms(data, LS newResponse) = 0.00480623/26.8902%
1: chi^2(data, LS newResponse, error, log) = 72308.5
1: Phi = 1.30155e+06+55.5334*0=1.30155e+06
Performing line search with tau = 0.91
1: Model: min = 0.0329986; max = 0.6
1: Response: min = 0.000103331; max = 0.0766198
1: rms/rrms(data, Response) = 0.00483138/28.2073%
1: chi^2(data, Response, error, log) = 79565.3
1: Phi = 1.43217e+06+45.9872*0=1.43217e+06
Calculating Jacobian matrix (forced=1)...... 1809.74 s
solve CGLSCDWWtrans with lambda = 0
Performing line search with tau = 0.95
2: Model: min = 0.0248366; max = 0.6
2: Response: min = 9.50658e-05; max = 0.0703662
2: rms/rrms(data, Response) = 0.0052153/23.4407%
2: chi^2(data, Response, error, log) = 54946.6
2: Phi = 989038+170.94*0=989038
Calculating Jacobian matrix (forced=1)...... 1781.76 s
solve CGLSCDWWtrans with lambda = 0
Performing line search with tau = 0.99
3: Model: min = 0.0252658; max = 0.6
3: Response: min = 9.55691e-05; max = 0.0707245
3: rms/rrms(data, Response) = 0.00516226/23.4241%
3: chi^2(data, Response, error, log) = 54868.8
3: Phi = 987639+170.34*0=987639
min/max(dweight) = 12389.3/8.00079e+06
18/01/25 - 09:34:45 - pyGIMLi - [0;32;49mINFO[0m - Starting inversion.
472.26352405548096 seconds!
sigma: [0.29684513 0.03304316]
thicks: [0.6]
src x: 21.994123288392885
src z: -0.5836417214327859
Solving sources...
getting magnetic fields...
magnetic field at receivers...
getting output components
Done in 1218.7404742240906 seconds!
sigma: [0.29674513 0.03314316]
thicks: [0.6]
src x: 21.994123288392885
src z: -0.5836417214327859
Solving sources...
getting magnetic fields...
magnetic field at receivers...
getting output components
Done in 1061.135427236557 seconds!
sigma: [0.29998619 0.02490294]
thicks: [0.6]
src x: 21.994123288392885
src z: -0.5836417214327859
Solving sources...
getting magnetic fields...
magnetic field at receivers...
getting output components
Done in 708.1946275234222 seconds!
chi² = 54960.43 (dPhi = 31.42%) lam: 0.0
--------------------------------------------------------------------------------
inv.iter 3 ... sigma: [0.29998619 0.02490294]
thicks: [0.6]
src x: 21.994123288392885
src z: -0.5836417214327859
Solving sources...
getting magnetic fields...
magnetic field at receivers...
getting output components
Done in 475.64182233810425 seconds!
sigma: [0.29998619 0.02490294]
thicks: [0.6001]
src x: 21.994123288392885
src z: -0.5836417214327859
Solving sources...
getting magnetic fields...
magnetic field at receivers...
getting output components
Done in 456.6872625350952 seconds!
sigma: [0.30008619 0.02490294]
thicks: [0.6]
src x: 21.994123288392885
src z: -0.5836417214327859
Solving sources...
getting magnetic fields...
magnetic field at receivers...
getting output components
Done in 454.5704643726349 seconds!
sigma: [0.29998619 0.02500294]
thicks: [0.6]
src x: 21.994123288392885
src z: -0.5836417214327859
Solving sources...
getting magnetic fields...
magnetic field at receivers...
getting output components
Done in 444.11615538597107 seconds!
sigma: [0.3        0.02367292]
thicks: [0.6]
src x: 21.994123288392885
src z: -0.5836417214327859
Solving sources...
getting magnetic fields...
magnetic field at receivers...
getting output components
Done in 455.06729221343994 seconds!
sigma: [0.2999989  0.02452624]
thicks: [0.6]
src x: 21.994123288392885
src z: -0.5836417214327859
Solving sources...
getting magnetic fields...
magnetic field at receivers...
getting output components
Done in 438.594110250473 seconds!
sigma: [0.3        0.02486497]
thicks: [0.6]
src x: 21.994123288392885
src z: -0.5836417214327859
Solving sources...
getting magnetic fields...
magnetic field at receivers...
getting output components
Done in 458.8343577384949 seconds!
chi² = 54969.98 (dPhi = -0.02%) lam: 0.0
################################################################################
#                Abort criterion reached: dPhi = -0.02 (< 2.0%)                #
################################################################################
Initialized
fop: <__main__.FDEM25DModelling object at 0x7fd363485ee0>
Data transformation: <pgcore._pygimli_.RTrans object at 0x7fd363ea6ab0>
Model transformation (cumulative):
	 0 <pgcore._pygimli_.RTransLogLU object at 0x7fd363486cf0>
	 1 <pgcore._pygimli_.RTransLogLU object at 0x7fd3634866b0>
min/max (data): 1.2e-04/0.08
min/max (error): 0.1%/0.1%
min/max (start model): 0.05/0.6
--------------------------------------------------------------------------------
sigma: [0.05 0.05]
thicks: [0.6]
src x: 22.99453859073508
src z: -0.5678470264615122
Solving sources...
getting magnetic fields...
magnetic field at receivers...
getting output components
Done in 394.3478055000305 seconds!
sigma: [0.05 0.05]
thicks: [0.6]
src x: 22.99453859073508
src z: -0.5678470264615122
Solving sources...
getting magnetic fields...
magnetic field at receivers...
getting output components
Done in 418.74159502983093 seconds!
sigma: [0.05 0.05]
thicks: [0.6001]
src x: 22.99453859073508
src z: -0.5678470264615122
Solving sources...
getting magnetic fields...
magnetic field at receivers...
getting output components
Done in 394.30170917510986 seconds!
sigma: [0.0501 0.05  ]
thicks: [0.6]
src x: 22.99453859073508
src z: -0.5678470264615122
Solving sources...
getting magnetic fields...
magnetic field at receivers...
getting output components
Done in 390.2588050365448 seconds!
sigma: [0.05   0.0501]
thicks: [0.6]
src x: 22.99453859073508
src z: -0.5678470264615122
Solving sources...
getting magnetic fields...
magnetic field at receivers...
getting output components
Done in 374.65267062187195 seconds!
inv.iter 0 ... chi² = 206749.32
--------------------------------------------------------------------------------
inv.iter 1 ... sigma: [0.29828808 0.03167349]
thicks: [0.6]
src x: 22.99453859073508
src z: -0.5678470264615122
Solving sources...
getting magnetic fields...
magnetic field at receivers...
getting output components
Done in 448.9076187610626 seconds!
sigma: [0.29684204 0.03299863]
thicks: [0.6]
src x: 22.99453859073508
src z: -0.5678470264615122
Solving sources...
getting magnetic fields...
magnetic field at receivers...
getting output components
Done in 419.3610854148865 seconds!
chi² = 79565.27 (dPhi = 61.52%) lam: 0.0
--------------------------------------------------------------------------------
inv.iter 2 ... sigma: [0.29684204 0.03299863]
thicks: [0.6]
src x: 22.99453859073508
src z: -0.5678470264615122
Solving sources...
getting magnetic fields...
magnetic field at receivers...
getting output components
Done in 451.15855503082275 seconds!
sigma: [0.29684204 0.03299863]
thicks: [0.6001]
src x: 22.99453859073508
src z: -0.5678470264615122
Solving sources...
getting magnetic fields...
magnetic field at receivers...
getting output components
Done in 444.6313269138336 seconds!
sigma: [0.29694204 0.03299863]
thicks: [0.6]
src x: 22.99453859073508
src z: -0.5678470264615122
Solving sources...
getting magnetic fields...
magnetic field at receivers...
getting output components
Done in 457.6835141181946 seconds!
sigma: [0.29684204 0.03309863]
thicks: [0.6]
src x: 22.99453859073508
src z: -0.5678470264615122
Solving sources...
getting magnetic fields...
magnetic field at receivers...
getting output components
Done in 446.3451449871063 seconds!
sigma: [0.29999141 0.02483664]
thicks: [0.6]
src x: 22.99453859073508
src z: -0.5678470264615122
Solving sources...
getting magnetic fields...
magnetic field at receivers...
getting output components
Done in 454.39279651641846 seconds!
chi² = 54946.56 (dPhi = 30.94%) lam: 0.0
--------------------------------------------------------------------------------
inv.iter 3 ... sigma: [0.29999141 0.02483664]
thicks: [0.6]
src x: 22.99453859073508
src z: -0.5678470264615122
Solving sources...
getting magnetic fields...
magnetic field at receivers...
getting output components
Done in 449.46483993530273 seconds!
sigma: [0.29999141 0.02483664]
thicks: [0.6001]
src x: 22.99453859073508
src z: -0.5678470264615122
Solving sources...
getting magnetic fields...
magnetic field at receivers...
getting output components
Done in 466.608318567276 seconds!
sigma: [0.30009141 0.02483664]
thicks: [0.6]
src x: 22.99453859073508
src z: -0.5678470264615122
Solving sources...
getting magnetic fields...
magnetic field at receivers...
getting output components
Done in 411.47294306755066 seconds!
sigma: [0.29999141 0.02493664]
thicks: [0.6]
src x: 22.99453859073508
src z: -0.5678470264615122
Solving sources...
getting magnetic fields...
magnetic field at receivers...
getting output components
Done in 444.88704085350037 seconds!
sigma: [0.29999141 0.02526579]
thicks: [0.6]
src x: 22.99453859073508
src z: -0.5678470264615122
Solving sources...
getting magnetic fields...
magnetic field at receivers...
getting output components
Done in 445.945796251297 seconds!
chi² = 54868.82 (dPhi = 0.14%) lam: 0.0
################################################################################
#                Abort criterion reached: dPhi = 0.14 (< 2.0%)                 #
################################################################################
Initialized
fop: <__main__.FDEM25DModelling object at 0x7fd363487d30>
Data transformation: <pgcore._pygimli_.RTrans object at 0x7fd3637fb220>
Model transformation (cumulative):
	 0 <pgcore._pygimli_.RTransLogLU object at 0x7fd363485490>
	 1 use model trans from RegionManager
min/max(dweight) = 12389.3/8.00079e+06
Building constraints matrix
constraint matrix of size(nBounds x nModel) 1 x 3
check Jacobian: wrong dimensions: (0x0) should be (18x3)  force: 1
jacobian size invalid, forced recalc: 1
Calculating Jacobian matrix (forced=1)...... 1394.53 s
min data = 0.000124988 max data = 0.0807146 (18)
min error = 0.001 max error = 0.001 (18)
min response = 3.04395e-05 max response = 0.0510099 (18)
calc without reference model
0: rms/rrms(data, response) = 0.01149/45.441%
0: chi^2(data, response, error, log) = 206488
0: Phi = 3.71679e+06 + 0 * 0 = 3.71679e+06
solve CGLSCDWWtrans with lambda = 0
1: LS newModel: min = 0.0316734; max = 0.6
1: LS newResponse: min = 0.000101271; max = 0.0758517
1: rms/rrms(data, LS newResponse) = 0.0048213/26.7568%
1: chi^2(data, LS newResponse, error, log) = 71592.8
1: Phi = 1.28867e+06+55.917*0=1.28867e+06
Performing line search with tau = 0.92
1: Model: min = 0.0328485; max = 0.6
1: Response: min = 0.000102085; max = 0.0766247
1: rms/rrms(data, Response) = 0.00484079/27.9138%
1: chi^2(data, Response, error, log) = 77918.2
1: Phi = 1.40253e+06+47.3281*0=1.40253e+06
Calculating Jacobian matrix (forced=1)...... 1854.74 s
solve CGLSCDWWtrans with lambda = 0
2: LS newModel: min = 0.0247951; max = 0.6
2: LS newResponse: min = 9.3902e-05; max = 0.0704067
2: rms/rrms(data, LS newResponse) = 0.00524395/23.4067%
2: chi^2(data, LS newResponse, error, log) = 54787.2
2: Phi = 986169+193.155*0=986169
Performing line search with tau = 0.94
2: Model: min = 0.0252102; max = 0.6
2: Response: min = 9.43824e-05; max = 0.0707536
2: rms/rrms(data, Response) = 0.00519193/23.3803%
2: chi^2(data, Response, error, log) = 54664
2: Phi = 983951+181.628*0=983951
Calculating Jacobian matrix (forced=1)...... 2313.28 s
solve CGLSCDWWtrans with lambda = 0
tau = 0. Trying parabolic line search with step length 0.3 ==> tau = -0.103755
 tau < 0.03 ==> tau = 0.03
3: LS newModel: min = 0.0236182; max = 0.6
3: LS newResponse: min = 9.25516e-05; max = 0.0694212
3: rms/rrms(data, LS newResponse) = 0.0054076/23.652%
3: chi^2(data, LS newResponse, error, log) = 55941.8
3: Phi = 1.00695e+06+445.274*0=1.00695e+06
Performing line search with tau = 0.03
3: Model: min = 0.0251607; max = 0.6
3: Response: min = 9.43277e-05; max = 0.070713
3: rms/rrms(data, Response) = 0.00519785/23.3817%
3: chi^2(data, Response, error, log) = 54670.3
3: Phi = 984065+441.686*0=984065
min/max(dweight) = 12366.9/7.98862e+06
18/01/25 - 12:11:22 - pyGIMLi - [0;32;49mINFO[0m - Starting inversion.
use model trans from RegionManager
min/max(dweight) = 12366.9/7.98862e+06
Building constraints matrix
constraint matrix of size(nBounds x nModel) 1 x 3
check Jacobian: wrong dimensions: (0x0) should be (18x3)  force: 1
jacobian size invalid, forced recalc: 1
Calculating Jacobian matrix (forced=1)...... 2039.73 s
min data = 0.000125178 max data = 0.0808613 (18)
min error = 0.001 max error = 0.001 (18)
min response = 3.0151e-05 max response = 0.0510904 (18)
calc without reference model
0: rms/rrms(data, response) = 0.0115003/45.46%
0: chi^2(data, response, error, log) = 206661
0: Phi = 3.7199e+06 + 0 * 0 = 3.7199e+06
solve CGLSCDWWtrans with lambda = 0
1: LS newModel: min = 0.0315968; max = 0.6
1: LS newResponse: min = 0.000100034; max = 0.0758883
1: rms/rrms(data, LS newResponse) = 0.00485399/26.6799%
1: chi^2(data, LS newResponse, error, log) = 71181.6
1: Phi = 1.28127e+06+56.3856*0=1.28127e+06
Performing line search with tau = 0.92
1: Model: min = 0.0327752; max = 0.6
1: Response: min = 0.000100858; max = 0.07667
1: rms/rrms(data, Response) = 0.00487306/27.8388%
1: chi^2(data, Response, error, log) = 77499.8
1: Phi = 1.395e+06+47.7248*0=1.395e+06
<pgcore._pygimli_.RTransLogLU object at 0x7fd363487880>
min/max (data): 1.2e-04/0.08
min/max (error): 0.1%/0.1%
min/max (start model): 0.05/0.6
--------------------------------------------------------------------------------
sigma: [0.05 0.05]
thicks: [0.6]
src x: 23.995007407787885
src z: -0.5524991572522778
Solving sources...
getting magnetic fields...
magnetic field at receivers...
getting output components
Done in 377.77949500083923 seconds!
sigma: [0.05 0.05]
thicks: [0.6]
src x: 23.995007407787885
src z: -0.5524991572522778
Solving sources...
getting magnetic fields...
magnetic field at receivers...
getting output components
Done in 293.2525751590729 seconds!
sigma: [0.05 0.05]
thicks: [0.6001]
src x: 23.995007407787885
src z: -0.5524991572522778
Solving sources...
getting magnetic fields...
magnetic field at receivers...
getting output components
Done in 364.90677213668823 seconds!
sigma: [0.0501 0.05  ]
thicks: [0.6]
src x: 23.995007407787885
src z: -0.5524991572522778
Solving sources...
getting magnetic fields...
magnetic field at receivers...
getting output components
Done in 378.830064535141 seconds!
sigma: [0.05   0.0501]
thicks: [0.6]
src x: 23.995007407787885
src z: -0.5524991572522778
Solving sources...
getting magnetic fields...
magnetic field at receivers...
getting output components
Done in 349.422292470932 seconds!
inv.iter 0 ... chi² = 206488.13
--------------------------------------------------------------------------------
inv.iter 1 ... sigma: [0.29833125 0.03167344]
thicks: [0.6]
src x: 23.995007407787885
src z: -0.5524991572522778
Solving sources...
getting magnetic fields...
magnetic field at receivers...
getting output components
Done in 448.85573744773865 seconds!
sigma: [0.29711753 0.03284849]
thicks: [0.6]
src x: 23.995007407787885
src z: -0.5524991572522778
Solving sources...
getting magnetic fields...
magnetic field at receivers...
getting output components
Done in 441.9527144432068 seconds!
chi² = 77918.23 (dPhi = 62.27%) lam: 0.0
--------------------------------------------------------------------------------
inv.iter 2 ... sigma: [0.29711753 0.03284849]
thicks: [0.6]
src x: 23.995007407787885
src z: -0.5524991572522778
Solving sources...
getting magnetic fields...
magnetic field at receivers...
getting output components
Done in 443.87398409843445 seconds!
sigma: [0.29711753 0.03284849]
thicks: [0.6001]
src x: 23.995007407787885
src z: -0.5524991572522778
Solving sources...
getting magnetic fields...
magnetic field at receivers...
getting output components
Done in 400.24876832962036 seconds!
sigma: [0.29721753 0.03284849]
thicks: [0.6]
src x: 23.995007407787885
src z: -0.5524991572522778
Solving sources...
getting magnetic fields...
magnetic field at receivers...
getting output components
Done in 465.9154438972473 seconds!
sigma: [0.29711753 0.03294849]
thicks: [0.6]
src x: 23.995007407787885
src z: -0.5524991572522778
Solving sources...
getting magnetic fields...
magnetic field at receivers...
getting output components
Done in 534.841756105423 seconds!
sigma: [0.29999622 0.0247951 ]
thicks: [0.6]
src x: 23.995007407787885
src z: -0.5524991572522778
Solving sources...
getting magnetic fields...
magnetic field at receivers...
getting output components
Done in 695.9602417945862 seconds!
sigma: [0.29999437 0.0252102 ]
thicks: [0.6]
src x: 23.995007407787885
src z: -0.5524991572522778
Solving sources...
getting magnetic fields...
magnetic field at receivers...
getting output components
Done in 491.2755346298218 seconds!
chi² = 54663.97 (dPhi = 29.84%) lam: 0.0
--------------------------------------------------------------------------------
inv.iter 3 ... sigma: [0.29999437 0.0252102 ]
thicks: [0.6]
src x: 23.995007407787885
src z: -0.5524991572522778
Solving sources...
getting magnetic fields...
magnetic field at receivers...
getting output components
Done in 518.7929871082306 seconds!
sigma: [0.29999437 0.0252102 ]
thicks: [0.6001]
src x: 23.995007407787885
src z: -0.5524991572522778
Solving sources...
getting magnetic fields...
magnetic field at receivers...
getting output components
Done in 523.2471890449524 seconds!
sigma: [0.30009437 0.0252102 ]
thicks: [0.6]
src x: 23.995007407787885
src z: -0.5524991572522778
Solving sources...
getting magnetic fields...
magnetic field at receivers...
getting output components
Done in 593.8310945034027 seconds!
sigma: [0.29999437 0.0253102 ]
thicks: [0.6]
src x: 23.995007407787885
src z: -0.5524991572522778
Solving sources...
getting magnetic fields...
magnetic field at receivers...
getting output components
Done in 662.6485593318939 seconds!
sigma: [0.3        0.02361818]
thicks: [0.6]
src x: 23.995007407787885
src z: -0.5524991572522778
Solving sources...
getting magnetic fields...
magnetic field at receivers...
getting output components
Done in 450.9151704311371 seconds!
sigma: [0.29999941 0.02471979]
thicks: [0.6]
src x: 23.995007407787885
src z: -0.5524991572522778
Solving sources...
getting magnetic fields...
magnetic field at receivers...
getting output components
Done in 409.6744067668915 seconds!
sigma: [0.3        0.02516065]
thicks: [0.6]
src x: 23.995007407787885
src z: -0.5524991572522778
Solving sources...
getting magnetic fields...
magnetic field at receivers...
getting output components
Done in 492.8223395347595 seconds!
chi² = 54670.30 (dPhi = -0.01%) lam: 0.0
################################################################################
#                Abort criterion reached: dPhi = -0.01 (< 2.0%)                #
################################################################################
Initialized
fop: <__main__.FDEM25DModelling object at 0x7fd3635ba890>
Data transformation: <pgcore._pygimli_.RTrans object at 0x7fd363ea6c70>
Model transformation (cumulative):
	 0 <pgcore._pygimli_.RTransLogLU object at 0x7fd3635ba0c0>
	 1 <pgcore._pygimli_.RTransLogLU object at 0x7fd363487010>
min/max (data): 1.3e-04/0.08
min/max (error): 0.1%/0.1%
min/max (start model): 0.05/0.6
--------------------------------------------------------------------------------
sigma: [0.05 0.05]
thicks: [0.6]
src x: 24.9955233434606
src z: -0.5376892332937424
Solving sources...
getting magnetic fields...
magnetic field at receivers...
getting output components
Done in 543.0410885810852 seconds!
sigma: [0.05 0.05]
thicks: [0.6]
src x: 24.9955233434606
src z: -0.5376892332937424
Solving sources...
getting magnetic fields...
magnetic field at receivers...
getting output components
Done in 593.538830280304 seconds!
sigma: [0.05 0.05]
thicks: [0.6001]
src x: 24.9955233434606
src z: -0.5376892332937424
Solving sources...
getting magnetic fields...
magnetic field at receivers...
getting output components
Done in 500.87404131889343 seconds!
sigma: [0.0501 0.05  ]
thicks: [0.6]
src x: 24.9955233434606
src z: -0.5376892332937424
Solving sources...
getting magnetic fields...
magnetic field at receivers...
getting output components
Done in 464.967324256897 seconds!
sigma: [0.05   0.0501]
thicks: [0.6]
src x: 24.9955233434606
src z: -0.5376892332937424
Solving sources...
getting magnetic fields...
magnetic field at receivers...
getting output components
Done in 468.99049520492554 seconds!
inv.iter 0 ... chi² = 206661.27
--------------------------------------------------------------------------------
inv.iter 1 ... sigma: [0.29837725 0.03159679]
thicks: [0.6]
src x: 24.9955233434606
src z: -0.5376892332937424
Solving sources...
getting magnetic fields...
magnetic field at receivers...
getting output components
Done in 498.33203959465027 seconds!
sigma: [0.29719041 0.03277517]
thicks: [0.6]
src x: 24.9955233434606
src z: -0.5376892332937424
Solving sources...
getting magnetic fields...
magnetic field at receivers...
getting output components
Done in 484.52261328697205 seconds!
chi² = 77499.79 (dPhi = 62.50%) lam: 0.0
--------------------------------------------------------------------------------
inv.iter 2 ... sigma: [0.29719041 0.03277517]
thicks: [0.6]
src x: 24.9955233434606
src z: -0.5376892332937424
Solving sources...
getting magnetic fields...
magnetic field at receivers...
getting output components
Done in 647.6705658435822 seconds!
sigma: [0.29719041 0.03277517]
thicks: Calculating Jacobian matrix (forced=1)...... 2933.6 s
solve CGLSCDWWtrans with lambda = 0
2: LS newModel: min = 0.0246971; max = 0.6
2: LS newResponse: min = 9.26998e-05; max = 0.0704079
2: rms/rrms(data, LS newResponse) = 0.00528094/23.3968%
2: chi^2(data, LS newResponse, error, log) = 54740.9
2: Phi = 985336+206.807*0=985336
Performing line search with tau = 0.93
2: Model: min = 0.0251831; max = 0.6
2: Response: min = 9.32563e-05; max = 0.0708149
2: rms/rrms(data, Response) = 0.00522016/23.3611%
2: chi^2(data, Response, error, log) = 54573.9
2: Phi = 982331+192.036*0=982331
Calculating Jacobian matrix (forced=1)...... 1763.07 s
solve CGLSCDWWtrans with lambda = 0
tau = 0. Trying parabolic line search with step length 0.3 ==> tau = -0.113015
 tau < 0.03 ==> tau = 0.03
3: LS newModel: min = 0.023518; max = 0.6
3: LS newResponse: min = 9.13619e-05; max = 0.0694185
3: rms/rrms(data, LS newResponse) = 0.00544529/23.6622%
3: chi^2(data, LS newResponse, error, log) = 55990.2
3: Phi = 1.00782e+06+445.517*0=1.00782e+06
Performing line search with tau = 0.03
3: Model: min = 0.0251312; max = 0.6
3: Response: min = 9.31986e-05; max = 0.0707721
3: rms/rrms(data, Response) = 0.00522636/23.3627%
3: chi^2(data, Response, error, log) = 54581.6
3: Phi = 982469+441.752*0=982469
min/max(dweight) = 12342.3/7.97604e+06
18/01/25 - 15:07:54 - pyGIMLi - [0;32;49mINFO[0m - Starting inversion.
use model trans from RegionManager
min/max(dweight) = 12342.3/7.97604e+06
Building constraints matrix
constraint matrix of size(nBounds x nModel) 1 x 3
check Jacobian: wrong dimensions: (0x0) should be (18x3)  force: 1
jacobian size invalid, forced recalc: 1
Calculating Jacobian matrix (forced=1)...... 1601.5 s
min data = 0.000125375 max data = 0.0810221 (18)
min error = 0.001 max error = 0.001 (18)
min response = 2.98853e-05 max response = 0.0511792 (18)
calc without reference model
0: rms/rrms(data, response) = 0.0115109/45.498%
0: chi^2(data, response, error, log) = 207007
0: Phi = 3.72613e+06 + 0 * 0 = 3.72613e+06
solve CGLSCDWWtrans with lambda = 0
1: LS newModel: min = 0.0314875; max = 0.6
1: LS newResponse: min = 9.88261e-05; max = 0.0759085
1: rms/rrms(data, LS newResponse) = 0.00490176/26.6003%
1: chi^2(data, LS newResponse, error, log) = 70757.6
1: Phi = 1.27364e+06+56.9383*0=1.27364e+06
Performing line search with tau = 0.93
1: Model: min = 0.0325202; max = 0.6
1: Response: min = 9.9574e-05; max = 0.0766056
1: rms/rrms(data, Response) = 0.00491773/27.6153%
1: chi^2(data, Response, error, log) = 76260.6
1: Phi = 1.37269e+06+49.2459*0=1.37269e+06
Calculating Jacobian matrix (forced=1)...... 1898.63 s
solve CGLSCDWWtrans with lambda = 0
2: LS newModel: min = 0.0245254; max = 0.6
2: LS newResponse: min = 9.14764e-05; max = 0.070356
2: rms/rrms(data, LS newResponse) = 0.00533108/23.3708%
2: chi^2(data, LS newResponse, error, log) = 54619.5
2: Phi = 983151+239.089*0=983151
Performing line search with tau = 0.91
2: Model: min = 0.0251459; max = 0.6
2: Response: min = 9.21795e-05; max = 0.0708769
2: rms/rrms(data, Response) = 0.00525419/23.3188%
2: chi^2(data, Response, error, log) = 54376.8
2: Phi = 978783+216.162*0=978783
Calculating Jacobian matrix (forced=1)...... 1963.13 s
solve CGLSCDWWtrans with lambda = 0
[0.6001]
src x: 24.9955233434606
src z: -0.5376892332937424
Solving sources...
getting magnetic fields...
magnetic field at receivers...
getting output components
Done in 1002.154531955719 seconds!
sigma: [0.29729041 0.03277517]
thicks: [0.6]
src x: 24.9955233434606
src z: -0.5376892332937424
Solving sources...
getting magnetic fields...
magnetic field at receivers...
getting output components
Done in 661.3059692382812 seconds!
sigma: [0.29719041 0.03287517]
thicks: [0.6]
src x: 24.9955233434606
src z: -0.5376892332937424
Solving sources...
getting magnetic fields...
magnetic field at receivers...
getting output components
Done in 595.2193412780762 seconds!
sigma: [0.29999766 0.0246971 ]
thicks: [0.6]
src x: 24.9955233434606
src z: -0.5376892332937424
Solving sources...
getting magnetic fields...
magnetic field at receivers...
getting output components
Done in 551.3738417625427 seconds!
sigma: [0.29999615 0.02518311]
thicks: [0.6]
src x: 24.9955233434606
src z: -0.5376892332937424
Solving sources...
getting magnetic fields...
magnetic field at receivers...
getting output components
Done in 490.56434655189514 seconds!
chi² = 54573.94 (dPhi = 29.58%) lam: 0.0
--------------------------------------------------------------------------------
inv.iter 3 ... sigma: [0.29999615 0.02518311]
thicks: [0.6]
src x: 24.9955233434606
src z: -0.5376892332937424
Solving sources...
getting magnetic fields...
magnetic field at receivers...
getting output components
Done in 436.4503860473633 seconds!
sigma: [0.29999615 0.02518311]
thicks: [0.6001]
src x: 24.9955233434606
src z: -0.5376892332937424
Solving sources...
getting magnetic fields...
magnetic field at receivers...
getting output components
Done in 445.9805920124054 seconds!
sigma: [0.30009615 0.02518311]
thicks: [0.6]
src x: 24.9955233434606
src z: -0.5376892332937424
Solving sources...
getting magnetic fields...
magnetic field at receivers...
getting output components
Done in 432.98013138771057 seconds!
sigma: [0.29999615 0.02528311]
thicks: [0.6]
src x: 24.9955233434606
src z: -0.5376892332937424
Solving sources...
getting magnetic fields...
magnetic field at receivers...
getting output components
Done in 437.6814785003662 seconds!
sigma: [0.3        0.02351801]
thicks: [0.6]
src x: 24.9955233434606
src z: -0.5376892332937424
Solving sources...
getting magnetic fields...
magnetic field at receivers...
getting output components
Done in 440.0987780094147 seconds!
sigma: [0.29999955 0.02466952]
thicks: [0.6]
src x: 24.9955233434606
src z: -0.5376892332937424
Solving sources...
getting magnetic fields...
magnetic field at receivers...
getting output components
Done in 398.71465611457825 seconds!
sigma: [0.3       0.0251312]
thicks: [0.6]
src x: 24.9955233434606
src z: -0.5376892332937424
Solving sources...
getting magnetic fields...
magnetic field at receivers...
getting output components
Done in 421.880740404129 seconds!
chi² = 54581.62 (dPhi = -0.01%) lam: 0.0
################################################################################
#                Abort criterion reached: dPhi = -0.01 (< 2.0%)                #
################################################################################
Initialized
fop: <__main__.FDEM25DModelling object at 0x7fd3635b8770>
Data transformation: <pgcore._pygimli_.RTrans object at 0x7fd363ea6960>
Model transformation (cumulative):
	 0 <pgcore._pygimli_.RTransLogLU object at 0x7fd363484cc0>
	 1 <pgcore._pygimli_.RTransLogLU object at 0x7fd363486610>
min/max (data): 1.3e-04/0.08
min/max (error): 0.1%/0.1%
min/max (start model): 0.05/0.6
--------------------------------------------------------------------------------
sigma: [0.05 0.05]
thicks: [0.6]
src x: 25.99607822353951
src z: -0.5235094714062086
Solving sources...
getting magnetic fields...
magnetic field at receivers...
getting output components
Done in 398.8117907047272 seconds!
sigma: [0.05 0.05]
thicks: [0.6]
src x: 25.99607822353951
src z: -0.5235094714062086
Solving sources...
getting magnetic fields...
magnetic field at receivers...
getting output components
Done in 369.396342754364 seconds!
sigma: [0.05 0.05]
thicks: [0.6001]
src x: 25.99607822353951
src z: -0.5235094714062086
Solving sources...
getting magnetic fields...
magnetic field at receivers...
getting output components
Done in 415.40875244140625 seconds!
sigma: [0.0501 0.05  ]
thicks: [0.6]
src x: 25.99607822353951
src z: -0.5235094714062086
Solving sources...
getting magnetic fields...
magnetic field at receivers...
getting output components
Done in 403.01762533187866 seconds!
sigma: [0.05   0.0501]
thicks: [0.6]
src x: 25.99607822353951
src z: -0.5235094714062086
Solving sources...
getting magnetic fields...
magnetic field at receivers...
getting output components
Done in 403.7580945491791 seconds!
inv.iter 0 ... chi² = 207007.19
--------------------------------------------------------------------------------
inv.iter 1 ... sigma: [0.29842837 0.0314875 ]
thicks: [0.6]
src x: 25.99607822353951
src z: -0.5235094714062086
Solving sources...
getting magnetic fields...
magnetic field at receivers...
getting output components
Done in 421.89955377578735 seconds!
sigma: [0.29745308 0.03252018]
thicks: [0.6]
src x: 25.99607822353951
src z: -0.5235094714062086
Solving sources...
getting magnetic fields...
magnetic field at receivers...
getting output components
Done in 433.60869693756104 seconds!
chi² = 76260.61 (dPhi = 63.16%) lam: 0.0
--------------------------------------------------------------------------------
inv.iter 2 ... sigma: [0.29745308 0.03252018]
thicks: [0.6]
src x: 25.99607822353951
src z: -0.5235094714062086
Solving sources...
getting magnetic fields...
magnetic field at receivers...
getting output components
Done in 455.05644607543945 seconds!
sigma: [0.29745308 0.03252018]
thicks: [0.6001]
src x: 25.99607822353951
src z: -0.5235094714062086
Solving sources...
getting magnetic fields...
magnetic field at receivers...
getting output components
Done in 459.9633810520172 seconds!
sigma: [0.29755308 0.03252018]
thicks: [0.6]
src x: 25.99607822353951
src z: -0.5235094714062086
Solving sources...
getting magnetic fields...
magnetic field at receivers...
getting output components
Done in 466.31471848487854 seconds!
sigma: [0.29745308 0.03262018]
thicks: [0.6]
src x: 25.99607822353951
src z: -0.5235094714062086
Solving sources...
getting magnetic fields...
magnetic field at receivers...
getting output components
Done in 507.68290281295776 seconds!
sigma: [0.2999992  0.02452543]
thicks: [0.6]
src x: 25.99607822353951
src z: -0.5235094714062086
Solving sources...
getting magnetic fields...
magnetic field at receivers...
getting output components
Done in 493.885662317276 seconds!
sigma: [0.29999834 0.02514591]
thicks: [0.6]
src x: 25.99607822353951
src z: -0.5235094714062086
Solving sources...
getting magnetic fields...
magnetic field at receivers...
getting output components
Done in 605.4344017505646 seconds!
chi² = 54376.83 (dPhi = 28.70%) lam: 0.0
--------------------------------------------------------------------------------
inv.iter 3 ... sigma: [0.29999834 0.02514591]
thicks: [0.6]
src x: 25.99607822353951
src z: -0.5235094714062086
Solving sources...
getting magnetic fields...
magnetic field at receivers...
getting output components
Done in 469.82949662208557 seconds!
sigma: [0.29999834 0.02514591]
thicks: [0.6001]
src x: 25.99607822353951
src z: -0.5235094714062086
Solving sources...
getting magnetic fields...
magnetic field at receivers...
getting output components
Done in 498.6688542366028 seconds!
sigma: [0.30009834 0.02514591]
thicks: [0.6]
src x: 25.99607822353951
src z: -0.5235094714062086
Solving sources...
getting magnetic fields...
magnetic field at receivers...
getting output components
Done in 466.8020803928375 seconds!
sigma: [0.29999834 0.02524591]
thicks: [0.6]
src x: 25.99607822353951
src z: -0.5235094714062086
Solving sources...
getting magnetic fields...
magnetic field at receivers...
getting output components
Done in 516.3927021026611 seconds!
sigma: [0.29999834 0.02528607]
thicks: [0.6]
src x: 25.99607822353951
src z: -0.5235094714062086
Solving sources...
getting magnetic fields...
Performing line search with tau = 1
3: Model: min = 0.0252861; max = 0.6
3: Response: min = 9.23391e-05; max = 0.0709944
3: rms/rrms(data, Response) = 0.00523777/23.317%
3: chi^2(data, Response, error, log) = 54368.4
3: Phi = 978631+215.943*0=978631
min/max(dweight) = 12335.4/7.9711e+06
18/01/25 - 17:28:11 - pyGIMLi - [0;32;49mINFO[0m - Starting inversion.
use model trans from RegionManager
min/max(dweight) = 12335.4/7.9711e+06
Building constraints matrix
constraint matrix of size(nBounds x nModel) 1 x 3
check Jacobian: wrong dimensions: (0x0) should be (18x3)  force: 1
jacobian size invalid, forced recalc: 1
Calculating Jacobian matrix (forced=1)...... 2117.46 s
min data = 0.000125453 max data = 0.0810674 (18)
min error = 0.001 max error = 0.001 (18)
min response = 2.96531e-05 max response = 0.0512765 (18)
calc without reference model
0: rms/rrms(data, response) = 0.0114993/45.4776%
0: chi^2(data, response, error, log) = 206821
0: Phi = 3.72278e+06 + 0 * 0 = 3.72278e+06
solve CGLSCDWWtrans with lambda = 0
1: LS newModel: min = 0.0314742; max = 0.6
1: LS newResponse: min = 9.7818e-05; max = 0.0760126
1: rms/rrms(data, LS newResponse) = 0.00490504/26.6027%
1: chi^2(data, LS newResponse, error, log) = 70770.4
1: Phi = 1.27387e+06+57.108*0=1.27387e+06
Performing line search with tau = 0.93
1: Model: min = 0.0325074; max = 0.6
1: Response: min = 9.85647e-05; max = 0.076713
1: rms/rrms(data, Response) = 0.00492102/27.6144%
1: chi^2(data, Response, error, log) = 76255.4
1: Phi = 1.3726e+06+49.3927*0=1.3726e+06
Calculating Jacobian matrix (forced=1)...... 1862.1 s
solve CGLSCDWWtrans with lambda = 0
2: LS newModel: min = 0.0245124; max = 0.6
2: LS newResponse: min = 9.0526e-05; max = 0.0704461
2: rms/rrms(data, LS newResponse) = 0.00533465/23.4132%
2: chi^2(data, LS newResponse, error, log) = 54817.9
2: Phi = 986722+244.618*0=986722
Performing line search with tau = 0.9
2: Model: min = 0.0252029; max = 0.6
2: Response: min = 9.13017e-05; max = 0.0710269
2: rms/rrms(data, Response) = 0.00524943/23.356%
2: chi^2(data, Response, error, log) = 54550.4
2: Phi = 981908+218.42*0=981908
Calculating Jacobian matrix (forced=1)...... 1840.78 s
solve CGLSCDWWtrans with lambda = 0
Performing line search with tau = 1
3: Model: min = 0.0253034; max = 0.6
3: Response: min = 9.14152e-05; max = 0.0711114
3: rms/rrms(data, Response) = 0.00523773/23.3551%
3: chi^2(data, Response, error, log) = 54546.1
3: Phi = 981829+218.262*0=981829
min/max(dweight) = 12314.5/7.95926e+06
18/01/25 - 20:04:37 - pyGIMLi - [0;32;49mINFO[0m - Starting inversion.
use model trans from RegionManager
min/max(dweight) = 12314.5/7.95926e+06
Building constraints matrix
constraint matrix of size(nBounds x nModel) 1 x 3
check Jacobian: wrong dimensions: (0x0) should be (18x3)  force: 1
jacobian size invalid, forced recalc: 1
Calculating Jacobian matrix (forced=1)...... 1977.63 s
min data = 0.00012564 max data = 0.0812052 (18)
min error = 0.001 max error = 0.001 (18)
min response = 2.86595e-05 max response = 0.0506934 (18)
calc without reference model
0: rms/rrms(data, response) = 0.0117287/46.1722%
0: chi^2(data, response, error, log) = 213187
0: Phi = 3.83736e+06 + 0 * 0 = 3.83736e+06
solve CGLSCDWWtrans with lambda = 0
Performing line search with tau = 1
1: Model: min = 0.0307577; max = 0.6
1: Response: min = 9.13641e-05; max = 0.0749709
1: rms/rrms(data, Response) = 0.00508784/25.6278%
1: chi^2(data, Response, error, log) = 65678.4
1: Phi = 1.18221e+06+63.3722*0=1.18221e+06
magnetic field at receivers...
getting output components
Done in 576.9572083950043 seconds!
chi² = 54368.36 (dPhi = 0.02%) lam: 0.0
################################################################################
#                Abort criterion reached: dPhi = 0.02 (< 2.0%)                 #
################################################################################
Initialized
fop: <__main__.FDEM25DModelling object at 0x7fd3720c1080>
Data transformation: <pgcore._pygimli_.RTrans object at 0x7fd363ea5700>
Model transformation (cumulative):
	 0 <pgcore._pygimli_.RTransLogLU object at 0x7fd363d31940>
	 1 <pgcore._pygimli_.RTransLogLU object at 0x7fd363d30450>
min/max (data): 1.3e-04/0.08
min/max (error): 0.1%/0.1%
min/max (start model): 0.05/0.6
--------------------------------------------------------------------------------
sigma: [0.05 0.05]
thicks: [0.6]
src x: 26.996662133918047
src z: -0.5100526049858856
Solving sources...
getting magnetic fields...
magnetic field at receivers...
getting output components
Done in 996.4009342193604 seconds!
sigma: [0.05 0.05]
thicks: [0.6]
src x: 26.996662133918047
src z: -0.5100526049858856
Solving sources...
getting magnetic fields...
magnetic field at receivers...
getting output components
Done in 909.8690011501312 seconds!
sigma: [0.05 0.05]
thicks: [0.6001]
src x: 26.996662133918047
src z: -0.5100526049858856
Solving sources...
getting magnetic fields...
magnetic field at receivers...
getting output components
Done in 398.2536873817444 seconds!
sigma: [0.0501 0.05  ]
thicks: [0.6]
src x: 26.996662133918047
src z: -0.5100526049858856
Solving sources...
getting magnetic fields...
magnetic field at receivers...
getting output components
Done in 397.4349901676178 seconds!
sigma: [0.05   0.0501]
thicks: [0.6]
src x: 26.996662133918047
src z: -0.5100526049858856
Solving sources...
getting magnetic fields...
magnetic field at receivers...
getting output components
Done in 393.8871786594391 seconds!
inv.iter 0 ... chi² = 206820.87
--------------------------------------------------------------------------------
inv.iter 1 ... sigma: [0.29844499 0.03147419]
thicks: [0.6]
src x: 26.996662133918047
src z: -0.5100526049858856
Solving sources...
getting magnetic fields...
magnetic field at receivers...
getting output components
Done in 460.2222065925598 seconds!
sigma: [0.29747805 0.03250737]
thicks: [0.6]
src x: 26.996662133918047
src z: -0.5100526049858856
Solving sources...
getting magnetic fields...
magnetic field at receivers...
getting output components
Done in 471.6812393665314 seconds!
chi² = 76255.38 (dPhi = 63.13%) lam: 0.0
--------------------------------------------------------------------------------
inv.iter 2 ... sigma: [0.29747805 0.03250737]
thicks: [0.6]
src x: 26.996662133918047
src z: -0.5100526049858856
Solving sources...
getting magnetic fields...
magnetic field at receivers...
getting output components
Done in 489.35941553115845 seconds!
sigma: [0.29747805 0.03250737]
thicks: [0.6001]
src x: 26.996662133918047
src z: -0.5100526049858856
Solving sources...
getting magnetic fields...
magnetic field at receivers...
getting output components
Done in 476.5221059322357 seconds!
sigma: [0.29757805 0.03250737]
thicks: [0.6]
src x: 26.996662133918047
src z: -0.5100526049858856
Solving sources...
getting magnetic fields...
magnetic field at receivers...
getting output components
Done in 440.57093596458435 seconds!
sigma: [0.29747805 0.03260737]
thicks: [0.6]
src x: 26.996662133918047
src z: -0.5100526049858856
Solving sources...
getting magnetic fields...
magnetic field at receivers...
getting output components
Done in 445.9623546600342 seconds!
sigma: [0.29999933 0.02451237]
thicks: [0.6]
src x: 26.996662133918047
src z: -0.5100526049858856
Solving sources...
getting magnetic fields...
magnetic field at receivers...
getting output components
Done in 413.4446029663086 seconds!
sigma: [0.29999847 0.02520287]
thicks: [0.6]
src x: 26.996662133918047
src z: -0.5100526049858856
Solving sources...
getting magnetic fields...
magnetic field at receivers...
getting output components
Done in 428.6621289253235 seconds!
chi² = 54550.43 (dPhi = 28.46%) lam: 0.0
--------------------------------------------------------------------------------
inv.iter 3 ... sigma: [0.29999847 0.02520287]
thicks: [0.6]
src x: 26.996662133918047
src z: -0.5100526049858856
Solving sources...
getting magnetic fields...
magnetic field at receivers...
getting output components
Done in 430.3084468841553 seconds!
sigma: [0.29999847 0.02520287]
thicks: [0.6001]
src x: 26.996662133918047
src z: -0.5100526049858856
Solving sources...
getting magnetic fields...
magnetic field at receivers...
getting output components
Done in 433.7278242111206 seconds!
sigma: [0.30009847 0.02520287]
thicks: [0.6]
src x: 26.996662133918047
src z: -0.5100526049858856
Solving sources...
getting magnetic fields...
magnetic field at receivers...
getting output components
Done in 441.3414297103882 seconds!
sigma: [0.29999847 0.02530287]
thicks: [0.6]
src x: 26.996662133918047
src z: -0.5100526049858856
Solving sources...
getting magnetic fields...
magnetic field at receivers...
getting output components
Done in 526.1912016868591 seconds!
sigma: [0.29999847 0.02530343]
thicks: [0.6]
src x: 26.996662133918047
src z: -0.5100526049858856
Solving sources...
getting magnetic fields...
magnetic field at receivers...
getting output components
Done in 770.39599776268 seconds!
chi² = 54546.06 (dPhi = 0.01%) lam: 0.0
################################################################################
#                Abort criterion reached: dPhi = 0.01 (< 2.0%)                 #
################################################################################
Initialized
fop: <__main__.FDEM25DModelling object at 0x7fd363485cb0>
Data transformation: <pgcore._pygimli_.RTrans object at 0x7fd3637fb300>
Model transformation (cumulative):
	 0 <pgcore._pygimli_.RTransLogLU object at 0x7fd3634866b0>
	 1 <pgcore._pygimli_.RTransLogLU object at 0x7fd363485ee0>
min/max (data): 1.3e-04/0.08
min/max (error): 0.1%/0.1%
min/max (start model): 0.05/0.6
--------------------------------------------------------------------------------
sigma: [0.05 0.05]
thicks: [0.6]
src x: 27.99726352048986
src z: -0.49741125757008764
Solving sources...
getting magnetic fields...
magnetic field at receivers...
getting output components
Done in 912.0039267539978 seconds!
sigma: [0.05 0.05]
thicks: [0.6]
src x: 27.99726352048986
src z: -0.49741125757008764
Solving sources...
getting magnetic fields...
magnetic field at receivers...
getting output components
Done in 446.3802652359009 seconds!
sigma: [0.05 0.05]
thicks: [0.6001]
src x: 27.99726352048986
src z: -0.49741125757008764
Solving sources...
getting magnetic fields...
magnetic field at receivers...
getting output components
Done in 620.5448424816132 seconds!
sigma: [0.0501 0.05  ]
thicks: [0.6]
src x: 27.99726352048986
src z: -0.49741125757008764
Solving sources...
getting magnetic fields...
magnetic field at receivers...
getting output components
Done in 423.78444600105286 seconds!
sigma: [0.05   0.0501]
thicks: [0.6]
src x: 27.99726352048986
src z: -0.49741125757008764
Solving sources...
getting magnetic fields...
magnetic field at receivers...
getting output components
Done in 465.31072330474854 seconds!
inv.iter 0 ... chi² = 213186.84
--------------------------------------------------------------------------------
inv.iter 1 ... sigma: [0.29892798 0.03075771]
thicks: [0.6]
src x: 27.99726352048986
src z: -0.49741125757008764
Solving sources...
getting magnetic fields...
magnetic field at receivers...
getting output components
Done in 607.9711458683014 seconds!
chi² = 65678.39 (dPhi = 69.19%) lam: 0.0
--------------------------------------------------------------------------------
inv.iter 2 ... sigma: [0.29892798 0.03075771]
thicks: [0.6]
src x: 27.99726352048986
src z: -0.49741125757008764
Solving sources...
getting magnetic fields...
magnetic field at receivers...
getting output components
Done in 523.3110814094543 seconds!
sigma: [0.29892798 0.03075771]
thicks: [0.6001]
src x: 27.99726352048986
src z: -0.49741125757008764
Calculating Jacobian matrix (forced=1)...... 2314.33 s
solve CGLSCDWWtrans with lambda = 0
2: LS newModel: min = 0.023079; max = 0.6
2: LS newResponse: min = 8.34087e-05; max = 0.0687959
2: rms/rrms(data, LS newResponse) = 0.0057257/23.9374%
2: chi^2(data, LS newResponse, error, log) = 57299.9
2: Phi = 1.0314e+06+446.597*0=1.0314e+06
Performing line search with tau = 0.67
2: Model: min = 0.0253411; max = 0.6
2: Response: min = 8.58305e-05; max = 0.070677
2: rms/rrms(data, Response) = 0.00542598/23.3586%
2: chi^2(data, Response, error, log) = 54562.6
2: Phi = 982126+441.284*0=982126
Calculating Jacobian matrix (forced=1)...... 2005.43 s
solve CGLSCDWWtrans with lambda = 0
Performing line search with tau = 0.99
3: Model: min = 0.0256368; max = 0.6
3: Response: min = 8.61517e-05; max = 0.0709221
3: rms/rrms(data, Response) = 0.00539308/23.3507%
3: chi^2(data, Response, error, log) = 54525.7
3: Phi = 981463+440.633*0=981463
min/max(dweight) = 12299/7.94574e+06
18/01/25 - 22:47:50 - pyGIMLi - [0;32;49mINFO[0m - Starting inversion.
use model trans from RegionManager
min/max(dweight) = 12299/7.94574e+06
Building constraints matrix
constraint matrix of size(nBounds x nModel) 1 x 3
check Jacobian: wrong dimensions: (0x0) should be (18x3)  force: 1
jacobian size invalid, forced recalc: 1
Calculating Jacobian matrix (forced=1)...... 1621.74 s
min data = 0.000125854 max data = 0.0813076 (18)
min error = 0.001 max error = 0.001 (18)
min response = 2.85311e-05 max response = 0.0508069 (18)
calc without reference model
0: rms/rrms(data, response) = 0.0117258/46.2149%
0: chi^2(data, response, error, log) = 213581
0: Phi = 3.84447e+06 + 0 * 0 = 3.84447e+06
solve CGLSCDWWtrans with lambda = 0
Performing line search with tau = 1
1: Model: min = 0.0306503; max = 0.6
1: Response: min = 9.0599e-05; max = 0.0750181
1: rms/rrms(data, Response) = 0.0051359/25.5775%
1: chi^2(data, Response, error, log) = 65421
1: Phi = 1.17758e+06+63.73*0=1.17758e+06
Calculating Jacobian matrix (forced=1)...... 2779.33 s
solve CGLSCDWWtrans with lambda = 0
2: LS newModel: min = 0.02295; max = 0.6
2: LS newResponse: min = 8.26672e-05; max = 0.0688056
2: rms/rrms(data, LS newResponse) = 0.00575485/23.8992%
2: chi^2(data, LS newResponse, error, log) = 57117.2
2: Phi = 1.02811e+06+446.92*0=1.02811e+06
Performing line search with tau = 0.67
2: Model: min = 0.025216; max = 0.6
2: Response: min = 8.50757e-05; max = 0.0706951
2: rms/rrms(data, Response) = 0.00546031/23.3023%
2: chi^2(data, Response, error, log) = 54299.9
2: Phi = 977398+441.562*0=977398
Calculating Jacobian matrix (forced=1)...... 1876.47 s
solve CGLSCDWWtrans with lambda = 0
Performing line search with tau = 0.99
3: Model: min = 0.025542; max = 0.6
3: Response: min = 8.54273e-05; max = 0.070966
3: rms/rrms(data, Response) = 0.00542499/23.2927%
3: chi^2(data, Response, error, log) = 54254.9
3: Phi = 976588+440.84*0=976588
min/max(dweight) = 12295.1/7.92437e+06
19/01/25 - 01:10:50 - pyGIMLi - [0;32;49mINFO[0m - Starting inversion.
Solving sources...
getting magnetic fields...
magnetic field at receivers...
getting output components
Done in 491.21695852279663 seconds!
sigma: [0.29902798 0.03075771]
thicks: [0.6]
src x: 27.99726352048986
src z: -0.49741125757008764
Solving sources...
getting magnetic fields...
magnetic field at receivers...
getting output components
Done in 491.78869915008545 seconds!
sigma: [0.29892798 0.03085771]
thicks: [0.6]
src x: 27.99726352048986
src z: -0.49741125757008764
Solving sources...
getting magnetic fields...
magnetic field at receivers...
getting output components
Done in 785.7311100959778 seconds!
sigma: [0.3        0.02307903]
thicks: [0.6]
src x: 27.99726352048986
src z: -0.49741125757008764
Solving sources...
getting magnetic fields...
magnetic field at receivers...
getting output components
Done in 552.6893577575684 seconds!
sigma: [0.3        0.02534111]
thicks: [0.6]
src x: 27.99726352048986
src z: -0.49741125757008764
Solving sources...
getting magnetic fields...
magnetic field at receivers...
getting output components
Done in 937.673173904419 seconds!
chi² = 54562.58 (dPhi = 16.92%) lam: 0.0
--------------------------------------------------------------------------------
inv.iter 3 ... sigma: [0.3        0.02534111]
thicks: [0.6]
src x: 27.99726352048986
src z: -0.49741125757008764
Solving sources...
getting magnetic fields...
magnetic field at receivers...
getting output components
Done in 647.8898413181305 seconds!
sigma: [0.3        0.02534111]
thicks: [0.6001]
src x: 27.99726352048986
src z: -0.49741125757008764
Solving sources...
getting magnetic fields...
magnetic field at receivers...
getting output components
Done in 441.33939146995544 seconds!
sigma: [0.3001     0.02534111]
thicks: [0.6]
src x: 27.99726352048986
src z: -0.49741125757008764
Solving sources...
getting magnetic fields...
magnetic field at receivers...
getting output components
Done in 457.8501362800598 seconds!
sigma: [0.3        0.02544111]
thicks: [0.6]
src x: 27.99726352048986
src z: -0.49741125757008764
Solving sources...
getting magnetic fields...
magnetic field at receivers...
getting output components
Done in 438.6078910827637 seconds!
sigma: [0.3        0.02563676]
thicks: [0.6]
src x: 27.99726352048986
src z: -0.49741125757008764
Solving sources...
getting magnetic fields...
magnetic field at receivers...
getting output components
Done in 461.2535457611084 seconds!
chi² = 54525.73 (dPhi = 0.07%) lam: 0.0
################################################################################
#                Abort criterion reached: dPhi = 0.07 (< 2.0%)                 #
################################################################################
Initialized
fop: <__main__.FDEM25DModelling object at 0x7fd363484220>
Data transformation: <pgcore._pygimli_.RTrans object at 0x7fd363ea6b20>
Model transformation (cumulative):
	 0 <pgcore._pygimli_.RTransLogLU object at 0x7fd363486f70>
	 1 <pgcore._pygimli_.RTransLogLU object at 0x7fd3634843b0>
min/max (data): 1.3e-04/0.08
min/max (error): 0.1%/0.1%
min/max (start model): 0.05/0.6
--------------------------------------------------------------------------------
sigma: [0.05 0.05]
thicks: [0.6]
src x: 28.997869355593586
src z: -0.48567727343997075
Solving sources...
getting magnetic fields...
magnetic field at receivers...
getting output components
Done in 401.44442796707153 seconds!
sigma: [0.05 0.05]
thicks: [0.6]
src x: 28.997869355593586
src z: -0.48567727343997075
Solving sources...
getting magnetic fields...
magnetic field at receivers...
getting output components
Done in 407.05059242248535 seconds!
sigma: [0.05 0.05]
thicks: [0.6001]
src x: 28.997869355593586
src z: -0.48567727343997075
Solving sources...
getting magnetic fields...
magnetic field at receivers...
getting output components
Done in 414.1240482330322 seconds!
sigma: [0.0501 0.05  ]
thicks: [0.6]
src x: 28.997869355593586
src z: -0.48567727343997075
Solving sources...
getting magnetic fields...
magnetic field at receivers...
getting output components
Done in 392.7358992099762 seconds!
sigma: [0.05   0.0501]
thicks: [0.6]
src x: 28.997869355593586
src z: -0.48567727343997075
Solving sources...
getting magnetic fields...
magnetic field at receivers...
getting output components
Done in 397.88618874549866 seconds!
inv.iter 0 ... chi² = 213581.45
--------------------------------------------------------------------------------
inv.iter 1 ... sigma: [0.29894689 0.03065034]
thicks: [0.6]
src x: 28.997869355593586
src z: -0.48567727343997075
Solving sources...
getting magnetic fields...
magnetic field at receivers...
getting output components
Done in 436.1074917316437 seconds!
chi² = 65421.01 (dPhi = 69.37%) lam: 0.0
--------------------------------------------------------------------------------
inv.iter 2 ... sigma: [0.29894689 0.03065034]
thicks: [0.6]
src x: 28.997869355593586
src z: -0.48567727343997075
Solving sources...
getting magnetic fields...
magnetic field at receivers...
getting output components
Done in 618.2562103271484 seconds!
sigma: [0.29894689 0.03065034]
thicks: [0.6001]
src x: 28.997869355593586
src z: -0.48567727343997075
Solving sources...
getting magnetic fields...
magnetic field at receivers...
getting output components
Done in 516.957008600235 seconds!
sigma: [0.29904689 0.03065034]
thicks: [0.6]
src x: 28.997869355593586
src z: -0.48567727343997075
Solving sources...
getting magnetic fields...
magnetic field at receivers...
getting output components
Done in 1142.7685322761536 seconds!
sigma: [0.29894689 0.03075034]
thicks: [0.6]
src x: 28.997869355593586
src z: -0.48567727343997075
Solving sources...
getting magnetic fields...
magnetic field at receivers...
getting output components
Done in 477.6603672504425 seconds!
sigma: [0.3        0.02294996]
thicks: [0.6]
src x: 28.997869355593586
src z: -0.48567727343997075
Solving sources...
getting magnetic fields...
magnetic field at receivers...
getting output components
Done in 482.4558861255646 seconds!
sigma: [0.3        0.02521605]
thicks: [0.6]
src x: 28.997869355593586
src z: -0.48567727343997075
Solving sources...
getting magnetic fields...
magnetic field at receivers...
getting output components
Done in 492.4530260562897 seconds!
chi² = 54299.87 (dPhi = 17.00%) lam: 0.0
--------------------------------------------------------------------------------
inv.iter 3 ... sigma: [0.3        0.02521605]
thicks: [0.6]
src x: 28.997869355593586
src z: -0.48567727343997075
Solving sources...
getting magnetic fields...
magnetic field at receivers...
getting output components
Done in 469.62557888031006 seconds!
sigma: [0.3        0.02521605]
thicks: [0.6001]
src x: 28.997869355593586
src z: -0.48567727343997075
Solving sources...
getting magnetic fields...
magnetic field at receivers...
getting output components
Done in 443.8201549053192 seconds!
sigma: [0.3001     0.02521605]
thicks: [0.6]
src x: 28.997869355593586
src z: -0.48567727343997075
Solving sources...
getting magnetic fields...
magnetic field at receivers...
getting output components
Done in 462.40580439567566 seconds!
sigma: [0.3        0.02531605]
thicks: [0.6]
src x: 28.997869355593586
src z: -0.48567727343997075
Solving sources...
getting magnetic fields...
magnetic field at receivers...
getting output components
Done in 489.7370488643646 seconds!
sigma: [0.3        0.02554201]
thicks: [0.6]
src x: 28.997869355593586
src z: -0.48567727343997075
Solving sources...
getting magnetic fields...
magnetic field at receivers...
getting output components
Done in 476.59310483932495 seconds!
chi² = 54254.91 (dPhi = 0.08%) lam: 0.0
################################################################################
#                Abort criterion reached: dPhi = 0.08 (< 2.0%)                 #
################################################################################
Initialized
fop: <__main__.FDEM25DModelling object at 0x7fd3634852b0>
Data transformation: <pgcore._pygimli_.RTrans object at 0x7fd3637fb450>
Model transformation (cumulative):
	 0 <pgcore._pygimli_.RTransLogLU object at 0x7fd363484e50>
	 1 <pgcore._pygimli_.RTransLogLU object at 0x7fd363485210>
min/max (data): 1.3e-04/0.08
min/max (error): 0.1%/0.1%
use model trans from RegionManager
min/max(dweight) = 12295.1/7.92437e+06
Building constraints matrix
constraint matrix of size(nBounds x nModel) 1 x 3
check Jacobian: wrong dimensions: (0x0) should be (18x3)  force: 1
jacobian size invalid, forced recalc: 1
Calculating Jacobian matrix (forced=1)...... 1642.69 s
min data = 0.000126193 max data = 0.0813332 (18)
min error = 0.001 max error = 0.001 (18)
min response = 2.8465e-05 max response = 0.0509286 (18)
calc without reference model
0: rms/rrms(data, response) = 0.0117188/46.3955%
0: chi^2(data, response, error, log) = 215254
0: Phi = 3.87457e+06 + 0 * 0 = 3.87457e+06
solve CGLSCDWWtrans with lambda = 0
Performing line search with tau = 1
1: Model: min = 0.0304404; max = 0.6
1: Response: min = 8.99176e-05; max = 0.0749931
1: rms/rrms(data, Response) = 0.00520416/25.5073%
1: chi^2(data, Response, error, log) = 65062.2
1: Phi = 1.17112e+06+64.4197*0=1.17112e+06
Calculating Jacobian matrix (forced=1)...... 1801.31 s
solve CGLSCDWWtrans with lambda = 0
2: LS newModel: min = 0.0226846; max = 0.6
2: LS newResponse: min = 8.1959e-05; max = 0.0687097
2: rms/rrms(data, LS newResponse) = 0.00578732/23.868%
2: chi^2(data, LS newResponse, error, log) = 56968.2
2: Phi = 1.02543e+06+447.59*0=1.02543e+06
Performing line search with tau = 0.66
2: Model: min = 0.0250347; max = 0.6
2: Response: min = 8.44411e-05; max = 0.0706751
2: rms/rrms(data, Response) = 0.00549435/23.2256%
2: chi^2(data, Response, error, log) = 53942.7
2: Phi = 970969+441.969*0=970969
Calculating Jacobian matrix (forced=1)...... 1769.42 s
solve CGLSCDWWtrans with lambda = 0
Performing line search with tau = 0.99
3: Model: min = 0.0253579; max = 0.6
3: Response: min = 8.47876e-05; max = 0.0709446
3: rms/rrms(data, Response) = 0.00546135/23.216%
3: chi^2(data, Response, error, log) = 53898.1
3: Phi = 970165+441.247*0=970165
min/max(dweight) = 12348.8/7.91012e+06
19/01/25 - 03:14:34 - pyGIMLi - [0;32;49mINFO[0m - Starting inversion.
use model trans from RegionManager
min/max(dweight) = 12348.8/7.91012e+06
Building constraints matrix
constraint matrix of size(nBounds x nModel) 1 x 3
check Jacobian: wrong dimensions: (0x0) should be (18x3)  force: 1
jacobian size invalid, forced recalc: 1
Calculating Jacobian matrix (forced=1)...... 2353.75 s
min data = 0.00012642 max data = 0.0809794 (18)
min error = 0.001 max error = 0.001 (18)
min response = 2.84708e-05 max response = 0.0510584 (18)
calc without reference model
0: rms/rrms(data, response) = 0.0116532/46.7313%
0: chi^2(data, response, error, log) = 218381
0: Phi = 3.93086e+06 + 0 * 0 = 3.93086e+06
solve CGLSCDWWtrans with lambda = 0
Performing line search with tau = 1
1: Model: min = 0.0301034; max = 0.6
1: Response: min = 8.93222e-05; max = 0.0748749
1: rms/rrms(data, Response) = 0.00523481/25.4734%
1: chi^2(data, Response, error, log) = 64889.3
1: Phi = 1.16801e+06+65.4979*0=1.16801e+06
Calculating Jacobian matrix (forced=1)...... 1711.78 s
solve CGLSCDWWtrans with lambda = 0
2: LS newModel: min = 0.0222537; max = 0.6
2: LS newResponse: min = 8.12817e-05; max = 0.0684821
2: rms/rrms(data, LS newResponse) = 0.00576648/23.8555%
2: chi^2(data, LS newResponse, error, log) = 56908.5
2: Phi = 1.02435e+06+448.701*0=1.02435e+06
Performing line search with tau = 0.65
min/max (start model): 0.05/0.6
--------------------------------------------------------------------------------
sigma: [0.05 0.05]
thicks: [0.6]
src x: 29.998465374093676
src z: -0.4749410087857913
Solving sources...
getting magnetic fields...
magnetic field at receivers...
getting output components
Done in 426.4180438518524 seconds!
sigma: [0.05 0.05]
thicks: [0.6]
src x: 29.998465374093676
src z: -0.4749410087857913
Solving sources...
getting magnetic fields...
magnetic field at receivers...
getting output components
Done in 476.2487962245941 seconds!
sigma: [0.05 0.05]
thicks: [0.6001]
src x: 29.998465374093676
src z: -0.4749410087857913
Solving sources...
getting magnetic fields...
magnetic field at receivers...
getting output components
Done in 411.7236249446869 seconds!
sigma: [0.0501 0.05  ]
thicks: [0.6]
src x: 29.998465374093676
src z: -0.4749410087857913
Solving sources...
getting magnetic fields...
magnetic field at receivers...
getting output components
Done in 363.9552433490753 seconds!
sigma: [0.05   0.0501]
thicks: [0.6]
src x: 29.998465374093676
src z: -0.4749410087857913
Solving sources...
getting magnetic fields...
magnetic field at receivers...
getting output components
Done in 380.69375443458557 seconds!
inv.iter 0 ... chi² = 215253.95
--------------------------------------------------------------------------------
inv.iter 1 ... sigma: [0.29898206 0.03044038]
thicks: [0.6]
src x: 29.998465374093676
src z: -0.4749410087857913
Solving sources...
getting magnetic fields...
magnetic field at receivers...
getting output components
Done in 429.0513653755188 seconds!
chi² = 65062.18 (dPhi = 69.77%) lam: 0.0
--------------------------------------------------------------------------------
inv.iter 2 ... sigma: [0.29898206 0.03044038]
thicks: [0.6]
src x: 29.998465374093676
src z: -0.4749410087857913
Solving sources...
getting magnetic fields...
magnetic field at receivers...
getting output components
Done in 434.9453432559967 seconds!
sigma: [0.29898206 0.03044038]
thicks: [0.6001]
src x: 29.998465374093676
src z: -0.4749410087857913
Solving sources...
getting magnetic fields...
magnetic field at receivers...
getting output components
Done in 442.97530698776245 seconds!
sigma: [0.29908206 0.03044038]
thicks: [0.6]
src x: 29.998465374093676
src z: -0.4749410087857913
Solving sources...
getting magnetic fields...
magnetic field at receivers...
getting output components
Done in 442.54698061943054 seconds!
sigma: [0.29898206 0.03054038]
thicks: [0.6]
src x: 29.998465374093676
src z: -0.4749410087857913
Solving sources...
getting magnetic fields...
magnetic field at receivers...
getting output components
Done in 470.2761209011078 seconds!
sigma: [0.3        0.02268463]
thicks: [0.6]
src x: 29.998465374093676
src z: -0.4749410087857913
Solving sources...
getting magnetic fields...
magnetic field at receivers...
getting output components
Done in 466.63072419166565 seconds!
sigma: [0.3        0.02503474]
thicks: [0.6]
src x: 29.998465374093676
src z: -0.4749410087857913
Solving sources...
getting magnetic fields...
magnetic field at receivers...
getting output components
Done in 451.089017868042 seconds!
chi² = 53942.73 (dPhi = 17.09%) lam: 0.0
--------------------------------------------------------------------------------
inv.iter 3 ... sigma: [0.3        0.02503474]
thicks: [0.6]
src x: 29.998465374093676
src z: -0.4749410087857913
Solving sources...
getting magnetic fields...
magnetic field at receivers...
getting output components
Done in 446.90533328056335 seconds!
sigma: [0.3        0.02503474]
thicks: [0.6001]
src x: 29.998465374093676
src z: -0.4749410087857913
Solving sources...
getting magnetic fields...
magnetic field at receivers...
getting output components
Done in 436.4596498012543 seconds!
sigma: [0.3001     0.02503474]
thicks: [0.6]
src x: 29.998465374093676
src z: -0.4749410087857913
Solving sources...
getting magnetic fields...
magnetic field at receivers...
getting output components
Done in 418.50460028648376 seconds!
sigma: [0.3        0.02513474]
thicks: [0.6]
src x: 29.998465374093676
src z: -0.4749410087857913
Solving sources...
getting magnetic fields...
magnetic field at receivers...
getting output components
Done in 457.51088881492615 seconds!
sigma: [0.3        0.02535789]
thicks: [0.6]
src x: 29.998465374093676
src z: -0.4749410087857913
Solving sources...
getting magnetic fields...
magnetic field at receivers...
getting output components
Done in 424.81065487861633 seconds!
chi² = 53898.08 (dPhi = 0.08%) lam: 0.0
################################################################################
#                Abort criterion reached: dPhi = 0.08 (< 2.0%)                 #
################################################################################
Initialized
fop: <__main__.FDEM25DModelling object at 0x7fd3635bae30>
Data transformation: <pgcore._pygimli_.RTrans object at 0x7fd363ea6960>
Model transformation (cumulative):
	 0 <pgcore._pygimli_.RTransLogLU object at 0x7fd363487830>
	 1 <pgcore._pygimli_.RTransLogLU object at 0x7fd363485a80>
min/max (data): 1.3e-04/0.08
min/max (error): 0.1%/0.1%
min/max (start model): 0.05/0.6
--------------------------------------------------------------------------------
sigma: [0.05 0.05]
thicks: [0.6]
src x: 30.999036379969425
src z: -0.46529058775634347
Solving sources...
getting magnetic fields...
magnetic field at receivers...
getting output components
Done in 403.6252944469452 seconds!
sigma: [0.05 0.05]
thicks: [0.6]
src x: 30.999036379969425
src z: -0.46529058775634347
Solving sources...
getting magnetic fields...
magnetic field at receivers...
getting output components
Done in 428.3810420036316 seconds!
sigma: [0.05 0.05]
thicks: [0.6001]
src x: 30.999036379969425
src z: -0.46529058775634347
Solving sources...
getting magnetic fields...
magnetic field at receivers...
getting output components
Done in 774.9248769283295 seconds!
sigma: [0.0501 0.05  ]
thicks: [0.6]
src x: 30.999036379969425
src z: -0.46529058775634347
Solving sources...
getting magnetic fields...
magnetic field at receivers...
getting output components
Done in 454.6970901489258 seconds!
sigma: [0.05   0.0501]
thicks: [0.6]
src x: 30.999036379969425
src z: -0.46529058775634347
Solving sources...
getting magnetic fields...
magnetic field at receivers...
getting output components
Done in 679.1823832988739 seconds!
inv.iter 0 ... chi² = 218381.01
--------------------------------------------------------------------------------
inv.iter 1 ... sigma: [0.29903376 0.03010339]
thicks: [0.6]
src x: 30.999036379969425
src z: -0.46529058775634347
Solving sources...
getting magnetic fields...
magnetic field at receivers...
getting output components
Done in 872.6567800045013 seconds!
chi² = 64889.27 (dPhi = 70.29%) lam: 0.0
--------------------------------------------------------------------------------
inv.iter 2 ... sigma: [0.29903376 0.03010339]
thicks: [0.6]
src x: 30.999036379969425
src z: -0.46529058775634347
Solving sources...
getting magnetic fields...
magnetic field at receivers...
getting output components
Done in 407.4142611026764 seconds!
sigma: [0.29903376 0.03010339]
thicks: [0.6001]
src x: 30.999036379969425
src z: -0.46529058775634347
Solving sources...
getting magnetic fields...
magnetic field at receivers...
getting output components
Done in 455.6392831802368 seconds!
sigma: [0.29913376 0.03010339]
thicks: [0.6]
src x: 30.999036379969425
src z: -0.46529058775634347
Solving sources...
getting magnetic fields...
magnetic field at receivers...
getting output components
Done in 435.3955228328705 seconds!
sigma: [0.29903376 0.03020339]
thicks: [0.6]
src x: 30.999036379969425
src z: -0.46529058775634347
Solving sources...
getting magnetic fields...
magnetic field at receivers...
getting output components
Done in 404.96661925315857 seconds!
sigma: [0.3       0.0222537]
thicks: [0.6]
src x: 30.999036379969425
src z: -0.46529058775634347
Solving sources...
getting magnetic fields...
magnetic field at receivers...
getting output components
Done in 493.4115791320801 seconds!
sigma: [0.3        0.02469701]
thicks: [0.6]
src x: 30.999036379969425
src z: -0.46529058775634347
Solving sources...
2: Model: min = 0.024697; max = 0.6
2: Response: min = 8.38474e-05; max = 0.0705328
2: rms/rrms(data, Response) = 0.00547854/23.1529%
2: chi^2(data, Response, error, log) = 53605.5
2: Phi = 964899+442.735*0=964899
Calculating Jacobian matrix (forced=1)...... 2449.38 s
solve CGLSCDWWtrans with lambda = 0
Performing line search with tau = 0.99
3: Model: min = 0.0250262; max = 0.6
3: Response: min = 8.41988e-05; max = 0.0708083
3: rms/rrms(data, Response) = 0.00544764/23.1427%
3: chi^2(data, Response, error, log) = 53558.3
3: Phi = 964050+441.988*0=964050
min/max(dweight) = 12529.7/7.90696e+06
19/01/25 - 05:54:28 - pyGIMLi - [0;32;49mINFO[0m - Starting inversion.
use model trans from RegionManager
min/max(dweight) = 12529.7/7.90696e+06
Building constraints matrix
constraint matrix of size(nBounds x nModel) 1 x 3
check Jacobian: wrong dimensions: (0x0) should be (18x3)  force: 1
jacobian size invalid, forced recalc: 1
Calculating Jacobian matrix (forced=1)...... 1727.65 s
min data = 0.000126471 max data = 0.0798102 (18)
min error = 0.001 max error = 0.001 (18)
min response = 2.85573e-05 max response = 0.0511961 (18)
calc without reference model
0: rms/rrms(data, response) = 0.0114353/47.0276%
0: chi^2(data, response, error, log) = 221159
0: Phi = 3.98087e+06 + 0 * 0 = 3.98087e+06
solve CGLSCDWWtrans with lambda = 0
Performing line search with tau = 1
1: Model: min = 0.0298221; max = 0.6
1: Response: min = 8.90261e-05; max = 0.0748073
1: rms/rrms(data, Response) = 0.0051123/25.5566%
1: chi^2(data, Response, error, log) = 65313.7
1: Phi = 1.17565e+06+66.1706*0=1.17565e+06
Calculating Jacobian matrix (forced=1)...... 1779.26 s
solve CGLSCDWWtrans with lambda = 0
2: LS newModel: min = 0.0218843; max = 0.6
2: LS newResponse: min = 8.08943e-05; max = 0.0683131
2: rms/rrms(data, LS newResponse) = 0.00557249/23.8765%
2: chi^2(data, LS newResponse, error, log) = 57008.5
2: Phi = 1.02615e+06+449.674*0=1.02615e+06
Performing line search with tau = 0.65
2: Model: min = 0.0243463; max = 0.6
2: Response: min = 8.34728e-05; max = 0.0703871
2: rms/rrms(data, Response) = 0.00529958/23.1482%
2: chi^2(data, Response, error, log) = 53584.1
2: Phi = 964514+443.545*0=964514
Calculating Jacobian matrix (forced=1)...... 2789.89 s
solve CGLSCDWWtrans with lambda = 0
Performing line search with tau = 0.99
3: Model: min = 0.0246876; max = 0.6
3: Response: min = 8.38361e-05; max = 0.0706737
3: rms/rrms(data, Response) = 0.00527047/23.1371%
3: chi^2(data, Response, error, log) = 53532.6
3: Phi = 963587+442.757*0=963587
min/max(dweight) = 12727.6/7.89163e+06
19/01/25 - 08:25:59 - pyGIMLi - [0;32;49mINFO[0m - Starting inversion.
use model trans from RegionManager
min/max(dweight) = 12727.6/7.89163e+06
Building constraints matrix
constraint matrix of size(nBounds x nModel) 1 x 3
check Jacobian: wrong dimensions: (0x0) should be (18x3)  force: 1
jacobian size invalid, forced recalc: 1
getting magnetic fields...
magnetic field at receivers...
getting output components
Done in 555.5837616920471 seconds!
chi² = 53605.49 (dPhi = 17.39%) lam: 0.0
--------------------------------------------------------------------------------
inv.iter 3 ... sigma: [0.3        0.02469701]
thicks: [0.6]
src x: 30.999036379969425
src z: -0.46529058775634347
Solving sources...
getting magnetic fields...
magnetic field at receivers...
getting output components
Done in 626.4427320957184 seconds!
sigma: [0.3        0.02469701]
thicks: [0.6001]
src x: 30.999036379969425
src z: -0.46529058775634347
Solving sources...
getting magnetic fields...
magnetic field at receivers...
getting output components
Done in 455.49564266204834 seconds!
sigma: [0.3001     0.02469701]
thicks: [0.6]
src x: 30.999036379969425
src z: -0.46529058775634347
Solving sources...
getting magnetic fields...
magnetic field at receivers...
getting output components
Done in 693.9711318016052 seconds!
sigma: [0.3        0.02479701]
thicks: [0.6]
src x: 30.999036379969425
src z: -0.46529058775634347
Solving sources...
getting magnetic fields...
magnetic field at receivers...
getting output components
Done in 663.5169463157654 seconds!
sigma: [0.3        0.02502625]
thicks: [0.6]
src x: 30.999036379969425
src z: -0.46529058775634347
Solving sources...
getting magnetic fields...
magnetic field at receivers...
getting output components
Done in 714.5678639411926 seconds!
chi² = 53558.34 (dPhi = 0.09%) lam: 0.0
################################################################################
#                Abort criterion reached: dPhi = 0.09 (< 2.0%)                 #
################################################################################
Initialized
fop: <__main__.FDEM25DModelling object at 0x7fd363486ca0>
Data transformation: <pgcore._pygimli_.RTrans object at 0x7fd363ea6b20>
Model transformation (cumulative):
	 0 <pgcore._pygimli_.RTransLogLU object at 0x7fd3634876f0>
	 1 <pgcore._pygimli_.RTransLogLU object at 0x7fd3634855d0>
min/max (data): 1.3e-04/0.08
min/max (error): 0.1%/0.1%
min/max (start model): 0.05/0.6
--------------------------------------------------------------------------------
sigma: [0.05 0.05]
thicks: [0.6]
src x: 31.999566621690008
src z: -0.4568111284702582
Solving sources...
getting magnetic fields...
magnetic field at receivers...
getting output components
Done in 904.8468134403229 seconds!
sigma: [0.05 0.05]
thicks: [0.6]
src x: 31.999566621690008
src z: -0.4568111284702582
Solving sources...
getting magnetic fields...
magnetic field at receivers...
getting output components
Done in 401.24662256240845 seconds!
sigma: [0.05 0.05]
thicks: [0.6001]
src x: 31.999566621690008
src z: -0.4568111284702582
Solving sources...
getting magnetic fields...
magnetic field at receivers...
getting output components
Done in 433.3786029815674 seconds!
sigma: [0.0501 0.05  ]
thicks: [0.6]
src x: 31.999566621690008
src z: -0.4568111284702582
Solving sources...
getting magnetic fields...
magnetic field at receivers...
getting output components
Done in 433.20788168907166 seconds!
sigma: [0.05   0.0501]
thicks: [0.6]
src x: 31.999566621690008
src z: -0.4568111284702582
Solving sources...
getting magnetic fields...
magnetic field at receivers...
getting output components
Done in 449.3172838687897 seconds!
inv.iter 0 ... chi² = 221159.39
--------------------------------------------------------------------------------
inv.iter 1 ... sigma: [0.29906143 0.02982209]
thicks: [0.6]
src x: 31.999566621690008
src z: -0.4568111284702582
Solving sources...
getting magnetic fields...
magnetic field at receivers...
getting output components
Done in 443.6103241443634 seconds!
chi² = 65313.73 (dPhi = 70.47%) lam: 0.0
--------------------------------------------------------------------------------
inv.iter 2 ... sigma: [0.29906143 0.02982209]
thicks: [0.6]
src x: 31.999566621690008
src z: -0.4568111284702582
Solving sources...
getting magnetic fields...
magnetic field at receivers...
getting output components
Done in 448.56945848464966 seconds!
sigma: [0.29906143 0.02982209]
thicks: [0.6001]
src x: 31.999566621690008
src z: -0.4568111284702582
Solving sources...
getting magnetic fields...
magnetic field at receivers...
getting output components
Done in 435.60483169555664 seconds!
sigma: [0.29916143 0.02982209]
thicks: [0.6]
src x: 31.999566621690008
src z: -0.4568111284702582
Solving sources...
getting magnetic fields...
magnetic field at receivers...
getting output components
Done in 441.42213439941406 seconds!
sigma: [0.29906143 0.02992209]
thicks: [0.6]
src x: 31.999566621690008
src z: -0.4568111284702582
Solving sources...
getting magnetic fields...
magnetic field at receivers...
getting output components
Done in 443.72756814956665 seconds!
sigma: [0.3        0.02188431]
thicks: [0.6]
src x: 31.999566621690008
src z: -0.4568111284702582
Solving sources...
getting magnetic fields...
magnetic field at receivers...
getting output components
Done in 462.04606914520264 seconds!
sigma: [0.3        0.02434628]
thicks: [0.6]
src x: 31.999566621690008
src z: -0.4568111284702582
Solving sources...
getting magnetic fields...
magnetic field at receivers...
getting output components
Done in 465.3372609615326 seconds!
chi² = 53584.13 (dPhi = 17.96%) lam: 0.0
--------------------------------------------------------------------------------
inv.iter 3 ... sigma: [0.3        0.02434628]
thicks: [0.6]
src x: 31.999566621690008
src z: -0.4568111284702582
Solving sources...
getting magnetic fields...
magnetic field at receivers...
getting output components
Done in 445.53642988204956 seconds!
sigma: [0.3        0.02434628]
thicks: [0.6001]
src x: 31.999566621690008
src z: -0.4568111284702582
Solving sources...
getting magnetic fields...
magnetic field at receivers...
getting output components
Done in 1067.7537486553192 seconds!
sigma: [0.3001     0.02434628]
thicks: [0.6]
src x: 31.999566621690008
src z: -0.4568111284702582
Solving sources...
getting magnetic fields...
magnetic field at receivers...
getting output components
Done in 618.1549699306488 seconds!
sigma: [0.3        0.02444628]
thicks: [0.6]
src x: 31.999566621690008
src z: -0.4568111284702582
Solving sources...
getting magnetic fields...
magnetic field at receivers...
getting output components
Done in 638.5095570087433 seconds!
sigma: [0.3        0.02468757]
thicks: [0.6]
src x: 31.999566621690008
src z: -0.4568111284702582
Solving sources...
getting magnetic fields...
magnetic field at receivers...
getting output components
Done in 505.4009175300598 seconds!
chi² = 53532.64 (dPhi = 0.10%) lam: 0.0
################################################################################
#                 Abort criterion reached: dPhi = 0.1 (< 2.0%)                 #
################################################################################
Initialized
fop: <__main__.FDEM25DModelling object at 0x7fd3634d13f0>
Data transformation: <pgcore._pygimli_.RTrans object at 0x7fd3637fb450>
Model transformation (cumulative):
	 0 <pgcore._pygimli_.RTransLogLU object at 0x7fd3634845e0>
	 1 <pgcore._pygimli_.RTransLogLU object at 0x7fd363486890>
min/max (data): 1.3e-04/0.08
min/max (error): 0.1%/0.1%
min/max (start model): 0.05/0.6
--------------------------------------------------------------------------------
sigma: [0.05 0.05]
thicks: [0.6]
src x: 33.0000402317255
src z: -0.44958394475292024
Solving sources...
getting magnetic fields...
magnetic field at receivers...
getting output components
Done in 400.1001696586609 seconds!
sigma: [0.05 0.05]
thicks: [0.6]
src x: 33.0000402317255
src z: -0.44958394475292024
Solving sources...
getting magnetic fields...
magnetic field at receivers...
getting output components
Done in 391.2895140647888 seconds!
sigma: [0.05 0.05]
thicks: [0.6001]
src x: 33.0000402317255
src z: -0.44958394475292024
Solving sources...
getting magnetic fields...
magnetic field at receivers...
getting output components
Done in 371.7821612358093 seconds!
sigma: [0.0501 0.05  ]
thicks: [0.6]
src x: 33.0000402317255
src z: -0.44958394475292024
Solving sources...
getting magnetic fields...
magnetic field at receivers...
getting output componentsCalculating Jacobian matrix (forced=1)...... 1483.3 s
min data = 0.000126717 max data = 0.0785696 (18)
min error = 0.001 max error = 0.001 (18)
min response = 2.79782e-05 max response = 0.0506494 (18)
calc without reference model
0: rms/rrms(data, response) = 0.0113707/47.5131%
0: chi^2(data, response, error, log) = 225750
0: Phi = 4.0635e+06 + 0 * 0 = 4.0635e+06
solve CGLSCDWWtrans with lambda = 0
Performing line search with tau = 1
1: Model: min = 0.0291884; max = 0.6
1: Response: min = 8.41359e-05; max = 0.0738445
1: rms/rrms(data, Response) = 0.00507205/25.132%
1: chi^2(data, Response, error, log) = 63161.9
1: Phi = 1.13691e+06+71.0618*0=1.13691e+06
Calculating Jacobian matrix (forced=1)...... 1731.54 s
solve CGLSCDWWtrans with lambda = 0
2: LS newModel: min = 0.0207969; max = 0.6
2: LS newResponse: min = 7.57247e-05; max = 0.0670071
2: rms/rrms(data, LS newResponse) = 0.00565092/24.8416%
2: chi^2(data, LS newResponse, error, log) = 61710.5
2: Phi = 1.11079e+06+452.668*0=1.11079e+06
Performing line search with tau = 0.52
2: Model: min = 0.0244128; max = 0.6
2: Response: min = 7.93849e-05; max = 0.0700196
2: rms/rrms(data, Response) = 0.00523804/23.3913%
2: chi^2(data, Response, error, log) = 54715.1
2: Phi = 984871+443.391*0=984871
Calculating Jacobian matrix (forced=1)...... 1742.65 s
solve CGLSCDWWtrans with lambda = 0
Performing line search with tau = 0.99
3: Model: min = 0.0248203; max = 0.6
3: Response: min = 7.98073e-05; max = 0.0703575
3: rms/rrms(data, Response) = 0.00520621/23.3757%
3: chi^2(data, Response, error, log) = 54642.1
3: Phi = 983558+442.454*0=983558
min/max(dweight) = 12742.7/7.63568e+06
19/01/25 - 10:23:40 - pyGIMLi - [0;32;49mINFO[0m - Starting inversion.
use model trans from RegionManager
min/max(dweight) = 12742.7/7.63568e+06
Building constraints matrix
constraint matrix of size(nBounds x nModel) 1 x 3
check Jacobian: wrong dimensions: (0x0) should be (18x3)  force: 1
jacobian size invalid, forced recalc: 1
Calculating Jacobian matrix (forced=1)...... 1568.07 s
min data = 0.000130964 max data = 0.0784764 (18)
min error = 0.001 max error = 0.001 (18)
min response = 2.82463e-05 max response = 0.0508002 (18)
calc without reference model
0: rms/rrms(data, response) = 0.011273/46.9104%
0: chi^2(data, response, error, log) = 220058
0: Phi = 3.96105e+06 + 0 * 0 = 3.96105e+06
solve CGLSCDWWtrans with lambda = 0
Performing line search with tau = 1
1: Model: min = 0.0298541; max = 0.6
1: Response: min = 8.53808e-05; max = 0.074558
1: rms/rrms(data, Response) = 0.00509503/24.1877%
1: chi^2(data, Response, error, log) = 58504.6
1: Phi = 1.05308e+06+68.9513*0=1.05308e+06
Calculating Jacobian matrix (forced=1)...... 1719.15 s
solve CGLSCDWWtrans with lambda = 0
2: LS newModel: min = 0.0216347; max = 0.6
2: LS newResponse: min = 7.7042e-05; max = 0.0678655
2: rms/rrms(data, LS newResponse) = 0.00551786/23.9658%
2: chi^2(data, LS newResponse, error, log) = 57435.7
2: Phi = 1.03384e+06+450.344*0=1.03384e+06
Performing line search with tau = 0.52
2: Model: min = 0.0252007; max = 0.6
2: Response: min = 8.07162e-05; max = 0.0708402
2: rms/rrms(data, Response) = 0.00517391/22.5453%
2: chi^2(data, Response, error, log) = 50829
2: Phi = 914923+441.596*0=914923

Done in 370.80592823028564 seconds!
sigma: [0.05   0.0501]
thicks: [0.6]
src x: 33.0000402317255
src z: -0.44958394475292024
Solving sources...
getting magnetic fields...
magnetic field at receivers...
getting output components
Done in 340.0632207393646 seconds!
inv.iter 0 ... chi² = 225749.84
--------------------------------------------------------------------------------
inv.iter 1 ... sigma: [0.29928088 0.02918837]
thicks: [0.6]
src x: 33.0000402317255
src z: -0.44958394475292024
Solving sources...
getting magnetic fields...
magnetic field at receivers...
getting output components
Done in 418.0956361293793 seconds!
chi² = 63161.93 (dPhi = 72.02%) lam: 0.0
--------------------------------------------------------------------------------
inv.iter 2 ... sigma: [0.29928088 0.02918837]
thicks: [0.6]
src x: 33.0000402317255
src z: -0.44958394475292024
Solving sources...
getting magnetic fields...
magnetic field at receivers...
getting output components
Done in 452.922559261322 seconds!
sigma: [0.29928088 0.02918837]
thicks: [0.6001]
src x: 33.0000402317255
src z: -0.44958394475292024
Solving sources...
getting magnetic fields...
magnetic field at receivers...
getting output components
Done in 420.1385853290558 seconds!
sigma: [0.29938088 0.02918837]
thicks: [0.6]
src x: 33.0000402317255
src z: -0.44958394475292024
Solving sources...
getting magnetic fields...
magnetic field at receivers...
getting output components
Done in 424.8749361038208 seconds!
sigma: [0.29928088 0.02928837]
thicks: [0.6]
src x: 33.0000402317255
src z: -0.44958394475292024
Solving sources...
getting magnetic fields...
magnetic field at receivers...
getting output components
Done in 423.6404321193695 seconds!
sigma: [0.3        0.02079688]
thicks: [0.6]
src x: 33.0000402317255
src z: -0.44958394475292024
Solving sources...
getting magnetic fields...
magnetic field at receivers...
getting output components
Done in 380.6878299713135 seconds!
sigma: [0.3        0.02441281]
thicks: [0.6]
src x: 33.0000402317255
src z: -0.44958394475292024
Solving sources...
getting magnetic fields...
magnetic field at receivers...
getting output components
Done in 428.58184933662415 seconds!
chi² = 54715.07 (dPhi = 13.37%) lam: 0.0
--------------------------------------------------------------------------------
inv.iter 3 ... sigma: [0.3        0.02441281]
thicks: [0.6]
src x: 33.0000402317255
src z: -0.44958394475292024
Solving sources...
getting magnetic fields...
magnetic field at receivers...
getting output components
Done in 397.1832823753357 seconds!
sigma: [0.3        0.02441281]
thicks: [0.6001]
src x: 33.0000402317255
src z: -0.44958394475292024
Solving sources...
getting magnetic fields...
magnetic field at receivers...
getting output components
Done in 389.5037703514099 seconds!
sigma: [0.3001     0.02441281]
thicks: [0.6]
src x: 33.0000402317255
src z: -0.44958394475292024
Solving sources...
getting magnetic fields...
magnetic field at receivers...
getting output components
Done in 386.06190371513367 seconds!
sigma: [0.3        0.02451281]
thicks: [0.6]
src x: 33.0000402317255
src z: -0.44958394475292024
Solving sources...
getting magnetic fields...
magnetic field at receivers...
getting output components
Done in 560.8427588939667 seconds!
sigma: [0.3        0.02482033]
thicks: [0.6]
src x: 33.0000402317255
src z: -0.44958394475292024
Solving sources...
getting magnetic fields...
magnetic field at receivers...
getting output components
Done in 464.03166604042053 seconds!
chi² = 54642.14 (dPhi = 0.13%) lam: 0.0
################################################################################
#                Abort criterion reached: dPhi = 0.13 (< 2.0%)                 #
################################################################################
Initialized
fop: <__main__.FDEM25DModelling object at 0x7fd3635bba10>
Data transformation: <pgcore._pygimli_.RTrans object at 0x7fd363ea6b20>
Model transformation (cumulative):
	 0 <pgcore._pygimli_.RTransLogLU object at 0x7fd3634d0a40>
	 1 <pgcore._pygimli_.RTransLogLU object at 0x7fd3634845e0>
min/max (data): 1.3e-04/0.08
min/max (error): 0.1%/0.1%
min/max (start model): 0.05/0.6
--------------------------------------------------------------------------------
sigma: [0.05 0.05]
thicks: [0.6]
src x: 34.00044172235234
src z: -0.4436857299511383
Solving sources...
getting magnetic fields...
magnetic field at receivers...
getting output components
Done in 425.31472420692444 seconds!
sigma: [0.05 0.05]
thicks: [0.6]
src x: 34.00044172235234
src z: -0.4436857299511383
Solving sources...
getting magnetic fields...
magnetic field at receivers...
getting output components
Done in 376.33445858955383 seconds!
sigma: [0.05 0.05]
thicks: [0.6001]
src x: 34.00044172235234
src z: -0.4436857299511383
Solving sources...
getting magnetic fields...
magnetic field at receivers...
getting output components
Done in 409.97002148628235 seconds!
sigma: [0.0501 0.05  ]
thicks: [0.6]
src x: 34.00044172235234
src z: -0.4436857299511383
Solving sources...
getting magnetic fields...
magnetic field at receivers...
getting output components
Done in 390.891863822937 seconds!
sigma: [0.05   0.0501]
thicks: [0.6]
src x: 34.00044172235234
src z: -0.4436857299511383
Solving sources...
getting magnetic fields...
magnetic field at receivers...
getting output components
Done in 382.6132061481476 seconds!
inv.iter 0 ... chi² = 220058.25
--------------------------------------------------------------------------------
inv.iter 1 ... sigma: [0.29920821 0.0298541 ]
thicks: [0.6]
src x: 34.00044172235234
src z: -0.4436857299511383
Solving sources...
getting magnetic fields...
magnetic field at receivers...
getting output components
Done in 429.26524567604065 seconds!
chi² = 58504.59 (dPhi = 73.41%) lam: 0.0
--------------------------------------------------------------------------------
inv.iter 2 ... sigma: [0.29920821 0.0298541 ]
thicks: [0.6]
src x: 34.00044172235234
src z: -0.4436857299511383
Solving sources...
getting magnetic fields...
magnetic field at receivers...
getting output components
Done in 435.28951358795166 seconds!
sigma: [0.29920821 0.0298541 ]
thicks: [0.6001]
src x: 34.00044172235234
src z: -0.4436857299511383
Solving sources...
getting magnetic fields...
magnetic field at receivers...
getting output components
Done in 411.4500677585602 seconds!
sigma: [0.29930821 0.0298541 ]
thicks: [0.6]
src x: 34.00044172235234
src z: -0.4436857299511383
Solving sources...
getting magnetic fields...
magnetic field at receivers...
getting output components
Done in 425.8296146392822 seconds!
sigma: [0.29920821 0.0299541 ]
thicks: [0.6]
src x: 34.00044172235234
src z: -0.4436857299511383
Solving sources...
getting magnetic fields...
magnetic field at receivers...
getting output components
Done in 437.0702199935913 seconds!
sigma: [0.3        0.02163469]
thicks: [0.6]
src x: 34.00044172235234
src z: -0.4436857299511383
Solving sources...
getting magnetic fields...
magnetic field at receivers...
getting output components
Done in 450.90100383758545 seconds!
sigma: [0.3        0.02520074]
thicks: [0.6]
src x: 34.00044172235234
src z: -0.4436857299511383
Solving sources...
getting magnetic fields...
magnetic field at receivers...
getting output components
Done in 463.8213667869568 seconds!
chi² = 50829.03 (dPhi = 13.12%) lam: 0.0
--------------------------------------------------------------------------------
inv.iter 3 ... sigma: [0.3        0.02520074]
thicks: [0.6]
src x: 34.00044172235234
src z: -0.4436857299511383
Solving sources...
getting magnetic fields...
magnetic field at receivers...
getting output components
Done in 460.59466457366943 seconds!
sigma: [0.3        0.02520074]
thicks: [0.6001]
src x: 34.00044172235234
src z: -0.4436857299511383
Solving sources...
getting magnetic fields...
magnetic field at receivers...
getting output components
Done in 467.6782445907593 seconds!
sigma: [0.3001     0.02520074]
thicks: [0.6]
src x: 34.00044172235234
src z: -0.4436857299511383
Solving sources...
getting magnetic fields...
magnetic field at receivers...
getting output components
Done in 450.1352117061615 seconds!
sigma: [0.3        0.02530074]
thicks: [0.6]
src x: Calculating Jacobian matrix (forced=1)...... 1832.58 s
solve CGLSCDWWtrans with lambda = 0
Performing line search with tau = 0.99
3: Model: min = 0.0256112; max = 0.6
3: Response: min = 8.11489e-05; max = 0.071181
3: rms/rrms(data, Response) = 0.0051496/22.5294%
3: chi^2(data, Response, error, log) = 50757.4
3: Phi = 913633+440.689*0=913633
min/max(dweight) = 12811.9/7.6409e+06
19/01/25 - 12:26:13 - pyGIMLi - [0;32;49mINFO[0m - Starting inversion.
use model trans from RegionManager
min/max(dweight) = 12811.9/7.6409e+06
Building constraints matrix
constraint matrix of size(nBounds x nModel) 1 x 3
check Jacobian: wrong dimensions: (0x0) should be (18x3)  force: 1
jacobian size invalid, forced recalc: 1
Calculating Jacobian matrix (forced=1)...... 1697.35 s
min data = 0.000130875 max data = 0.0780522 (18)
min error = 0.001 max error = 0.001 (18)
min response = 2.86156e-05 max response = 0.0509572 (18)
calc without reference model
0: rms/rrms(data, response) = 0.0110872/46.3917%
0: chi^2(data, response, error, log) = 215219
0: Phi = 3.87393e+06 + 0 * 0 = 3.87393e+06
solve CGLSCDWWtrans with lambda = 0
Performing line search with tau = 1
1: Model: min = 0.0300659; max = 0.6
1: Response: min = 8.64189e-05; max = 0.0749024
1: rms/rrms(data, Response) = 0.00500471/24.2487%
1: chi^2(data, Response, error, log) = 58800.1
1: Phi = 1.0584e+06+66.6815*0=1.0584e+06
Calculating Jacobian matrix (forced=1)...... 1774.69 s
solve CGLSCDWWtrans with lambda = 0
2: LS newModel: min = 0.0219279; max = 0.6
2: LS newResponse: min = 7.80956e-05; max = 0.0682772
2: rms/rrms(data, LS newResponse) = 0.00537709/23.5071%
2: chi^2(data, LS newResponse, error, log) = 55258.3
2: Phi = 994649+449.558*0=994649
Performing line search with tau = 0.56
2: Model: min = 0.025148; max = 0.6
2: Response: min = 8.14564e-05; max = 0.0709712
2: rms/rrms(data, Response) = 0.00507281/22.3295%
2: chi^2(data, Response, error, log) = 49860.7
2: Phi = 897493+441.714*0=897493
Calculating Jacobian matrix (forced=1)...... 1839.65 s
solve CGLSCDWWtrans with lambda = 0
Performing line search with tau = 0.99
3: Model: min = 0.0255038; max = 0.6
3: Response: min = 8.18355e-05; max = 0.0712677
3: rms/rrms(data, Response) = 0.00505143/22.3174%
3: chi^2(data, Response, error, log) = 49806.5
3: Phi = 896518+440.924*0=896518
min/max(dweight) = 12827.9/7.66184e+06
19/01/25 - 14:34:07 - pyGIMLi - [0;32;49mINFO[0m - Starting inversion.
use model trans from RegionManager
min/max(dweight) = 12827.9/7.66184e+06
Building constraints matrix
constraint matrix of size(nBounds x nModel) 1 x 3
check Jacobian: wrong dimensions: (0x0) should be (18x3)  force: 1
jacobian size invalid, forced recalc: 1
Calculating Jacobian matrix (forced=1)...... 1653.9 s
min data = 0.000130517 max data = 0.0779553 (18)
min error = 0.001 max error = 0.001 (18)
min response = 2.90921e-05 max response = 0.0511196 (18)
calc without reference model
0: rms/rrms(data, response) = 0.0109377/46.0264%
0: chi^2(data, response, error, log) = 211843
0: Phi = 3.81317e+06 + 0 * 0 = 3.81317e+06
solve CGLSCDWWtrans with lambda = 0
Performing line search with tau = 1
1: Model: min = 0.0300852; max = 0.6
1: Response: min = 8.75557e-05; max = 0.0750942
1: rms/rrms(data, Response) = 0.00500308/24.4278%
1: chi^2(data, Response, error, log) = 59671.9
1: Phi = 1.07409e+06+64.6388*0=1.07409e+06
34.00044172235234
src z: -0.4436857299511383
Solving sources...
getting magnetic fields...
magnetic field at receivers...
getting output components
Done in 443.59727692604065 seconds!
sigma: [0.3        0.02561119]
thicks: [0.6]
src x: 34.00044172235234
src z: -0.4436857299511383
Solving sources...
getting magnetic fields...
magnetic field at receivers...
getting output components
Done in 451.70297598838806 seconds!
chi² = 50757.40 (dPhi = 0.14%) lam: 0.0
################################################################################
#                Abort criterion reached: dPhi = 0.14 (< 2.0%)                 #
################################################################################
Initialized
fop: <__main__.FDEM25DModelling object at 0x7fd363d31f30>
Data transformation: <pgcore._pygimli_.RTrans object at 0x7fd363ea5700>
Model transformation (cumulative):
	 0 <pgcore._pygimli_.RTransLogLU object at 0x7fd3635ba160>
	 1 <pgcore._pygimli_.RTransLogLU object at 0x7fd3635ba340>
min/max (data): 1.3e-04/0.08
min/max (error): 0.1%/0.1%
min/max (start model): 0.05/0.6
--------------------------------------------------------------------------------
sigma: [0.05 0.05]
thicks: [0.6]
src x: 35.00075652655394
src z: -0.43918772964508473
Solving sources...
getting magnetic fields...
magnetic field at receivers...
getting output components
Done in 435.5711169242859 seconds!
sigma: [0.05 0.05]
thicks: [0.6]
src x: 35.00075652655394
src z: -0.43918772964508473
Solving sources...
getting magnetic fields...
magnetic field at receivers...
getting output components
Done in 434.7670488357544 seconds!
sigma: [0.05 0.05]
thicks: [0.6001]
src x: 35.00075652655394
src z: -0.43918772964508473
Solving sources...
getting magnetic fields...
magnetic field at receivers...
getting output components
Done in 438.10901069641113 seconds!
sigma: [0.0501 0.05  ]
thicks: [0.6]
src x: 35.00075652655394
src z: -0.43918772964508473
Solving sources...
getting magnetic fields...
magnetic field at receivers...
getting output components
Done in 421.6671714782715 seconds!
sigma: [0.05   0.0501]
thicks: [0.6]
src x: 35.00075652655394
src z: -0.43918772964508473
Solving sources...
getting magnetic fields...
magnetic field at receivers...
getting output components
Done in 393.6098563671112 seconds!
inv.iter 0 ... chi² = 215218.55
--------------------------------------------------------------------------------
inv.iter 1 ... sigma: [0.29909993 0.03006586]
thicks: [0.6]
src x: 35.00075652655394
src z: -0.43918772964508473
Solving sources...
getting magnetic fields...
magnetic field at receivers...
getting output components
Done in 481.6963267326355 seconds!
chi² = 58800.12 (dPhi = 72.68%) lam: 0.0
--------------------------------------------------------------------------------
inv.iter 2 ... sigma: [0.29909993 0.03006586]
thicks: [0.6]
src x: 35.00075652655394
src z: -0.43918772964508473
Solving sources...
getting magnetic fields...
magnetic field at receivers...
getting output components
Done in 451.4477963447571 seconds!
sigma: [0.29909993 0.03006586]
thicks: [0.6001]
src x: 35.00075652655394
src z: -0.43918772964508473
Solving sources...
getting magnetic fields...
magnetic field at receivers...
getting output components
Done in 422.11432242393494 seconds!
sigma: [0.29919993 0.03006586]
thicks: [0.6]
src x: 35.00075652655394
src z: -0.43918772964508473
Solving sources...
getting magnetic fields...
magnetic field at receivers...
getting output components
Done in 475.9642860889435 seconds!
sigma: [0.29909993 0.03016586]
thicks: [0.6]
src x: 35.00075652655394
src z: -0.43918772964508473
Solving sources...
getting magnetic fields...
magnetic field at receivers...
getting output components
Done in 415.8544588088989 seconds!
sigma: [0.3        0.02192794]
thicks: [0.6]
src x: 35.00075652655394
src z: -0.43918772964508473
Solving sources...
getting magnetic fields...
magnetic field at receivers...
getting output components
Done in 474.0016667842865 seconds!
sigma: [0.3      0.025148]
thicks: [0.6]
src x: 35.00075652655394
src z: -0.43918772964508473
Solving sources...
getting magnetic fields...
magnetic field at receivers...
getting output components
Done in 483.19552636146545 seconds!
chi² = 49860.75 (dPhi = 15.20%) lam: 0.0
--------------------------------------------------------------------------------
inv.iter 3 ... sigma: [0.3      0.025148]
thicks: [0.6]
src x: 35.00075652655394
src z: -0.43918772964508473
Solving sources...
getting magnetic fields...
magnetic field at receivers...
getting output components
Done in 445.81131768226624 seconds!
sigma: [0.3      0.025148]
thicks: [0.6001]
src x: 35.00075652655394
src z: -0.43918772964508473
Solving sources...
getting magnetic fields...
magnetic field at receivers...
getting output components
Done in 451.57630372047424 seconds!
sigma: [0.3001   0.025148]
thicks: [0.6]
src x: 35.00075652655394
src z: -0.43918772964508473
Solving sources...
getting magnetic fields...
magnetic field at receivers...
getting output components
Done in 471.42274475097656 seconds!
sigma: [0.3      0.025248]
thicks: [0.6]
src x: 35.00075652655394
src z: -0.43918772964508473
Solving sources...
getting magnetic fields...
magnetic field at receivers...
getting output components
Done in 460.9938814640045 seconds!
sigma: [0.3        0.02550383]
thicks: [0.6]
src x: 35.00075652655394
src z: -0.43918772964508473
Solving sources...
getting magnetic fields...
magnetic field at receivers...
getting output components
Done in 475.56366443634033 seconds!
chi² = 49806.53 (dPhi = 0.11%) lam: 0.0
################################################################################
#                Abort criterion reached: dPhi = 0.11 (< 2.0%)                 #
################################################################################
Initialized
fop: <__main__.FDEM25DModelling object at 0x7fd3634845e0>
Data transformation: <pgcore._pygimli_.RTrans object at 0x7fd3637fae30>
Model transformation (cumulative):
	 0 <pgcore._pygimli_.RTransLogLU object at 0x7fd3634d3c90>
	 1 <pgcore._pygimli_.RTransLogLU object at 0x7fd3634d1b20>
min/max (data): 1.3e-04/0.08
min/max (error): 0.1%/0.1%
min/max (start model): 0.05/0.6
--------------------------------------------------------------------------------
sigma: [0.05 0.05]
thicks: [0.6]
src x: 36.00097156941047
src z: -0.4361549104070876
Solving sources...
getting magnetic fields...
magnetic field at receivers...
getting output components
Done in 518.5885624885559 seconds!
sigma: [0.05 0.05]
thicks: [0.6]
src x: 36.00097156941047
src z: -0.4361549104070876
Solving sources...
getting magnetic fields...
magnetic field at receivers...
getting output components
Done in 444.7641110420227 seconds!
sigma: [0.05 0.05]
thicks: [0.6001]
src x: 36.00097156941047
src z: -0.4361549104070876
Solving sources...
getting magnetic fields...
magnetic field at receivers...
getting output components
Done in 422.4948499202728 seconds!
sigma: [0.0501 0.05  ]
thicks: [0.6]
src x: 36.00097156941047
src z: -0.4361549104070876
Solving sources...
getting magnetic fields...
magnetic field at receivers...
getting output components
Done in 381.6834011077881 seconds!
sigma: [0.05   0.0501]
thicks: [0.6]
src x: 36.00097156941047
src z: -0.4361549104070876
Solving sources...
getting magnetic fields...
magnetic field at receivers...
getting output components
Done in 395.02365493774414 seconds!
inv.iter 0 ... chi² = 211842.82
--------------------------------------------------------------------------------
inv.iter 1 ... sigma: [0.2989803  0.03008524]
thicks: [0.6]
src x: 36.00097156941047
src z: -0.4361549104070876
Solving sources...
getting magnetic fields...
magnetic field at receivers...
getting output components
Done in 457.2242805957794 seconds!
chi² = 59671.85 (dPhi = 71.83%) lam: 0.0
--------------------------------------------------------------------------------
inv.iter 2 ... sigma: [0.2989803  0.03008524]
thicks: [0.6]
src x: 36.00097156941047
src z: -0.4361549104070876
Solving sources...
getting magnetic fields...
magnetic field at receivers...
getting output components
Done in 451.04634189605713 seconds!
sigma: [0.2989803  0.03008524]
thicks: Calculating Jacobian matrix (forced=1)...... 1823.14 s
solve CGLSCDWWtrans with lambda = 0
2: LS newModel: min = 0.0219991; max = 0.6
2: LS newResponse: min = 7.92131e-05; max = 0.0685098
2: rms/rrms(data, LS newResponse) = 0.00531612/23.0283%
2: chi^2(data, LS newResponse, error, log) = 53030.4
2: Phi = 954547+449.37*0=954547
Performing line search with tau = 0.62
2: Model: min = 0.0247342; max = 0.6
2: Response: min = 8.21052e-05; max = 0.0708068
2: rms/rrms(data, Response) = 0.00506375/22.1075%
2: chi^2(data, Response, error, log) = 48874.1
2: Phi = 879733+442.65*0=879733
Calculating Jacobian matrix (forced=1)...... 1715.72 s
solve CGLSCDWWtrans with lambda = 0
Performing line search with tau = 0.99
3: Model: min = 0.0251132; max = 0.6
3: Response: min = 8.25131e-05; max = 0.0711238
3: rms/rrms(data, Response) = 0.00504031/22.0934%
3: chi^2(data, Response, error, log) = 48811.7
3: Phi = 878610+441.792*0=878610
min/max(dweight) = 12820.3/7.7578e+06
19/01/25 - 16:38:41 - pyGIMLi - [0;32;49mINFO[0m - Starting inversion.
use model trans from RegionManager
min/max(dweight) = 12820.3/7.7578e+06
Building constraints matrix
constraint matrix of size(nBounds x nModel) 1 x 3
check Jacobian: wrong dimensions: (0x0) should be (18x3)  force: 1
jacobian size invalid, forced recalc: 1
Calculating Jacobian matrix (forced=1)...... 1671.85 s
min data = 0.000128903 max data = 0.0780014 (18)
min error = 0.001 max error = 0.001 (18)
min response = 2.89268e-05 max response = 0.0505913 (18)
calc without reference model
0: rms/rrms(data, response) = 0.0110213/46.2171%
0: chi^2(data, response, error, log) = 213602
0: Phi = 3.84484e+06 + 0 * 0 = 3.84484e+06
solve CGLSCDWWtrans with lambda = 0
Performing line search with tau = 1
1: Model: min = 0.0296783; max = 0.6
1: Response: min = 8.41502e-05; max = 0.0743095
1: rms/rrms(data, Response) = 0.00508734/24.4252%
1: chi^2(data, Response, error, log) = 59658.8
1: Phi = 1.07386e+06+66.2191*0=1.07386e+06
Calculating Jacobian matrix (forced=1)...... 1388.85 s
solve CGLSCDWWtrans with lambda = 0
2: LS newModel: min = 0.0212775; max = 0.6
2: LS newResponse: min = 7.55851e-05; max = 0.067524
2: rms/rrms(data, LS newResponse) = 0.00554445/23.8762%
2: chi^2(data, LS newResponse, error, log) = 57007.1
2: Phi = 1.02613e+06+451.32*0=1.02613e+06
Performing line search with tau = 0.54
2: Model: min = 0.0247426; max = 0.6
2: Response: min = 7.91863e-05; max = 0.0704018
2: rms/rrms(data, Response) = 0.00519281/22.507%
2: chi^2(data, Response, error, log) = 50656.4
2: Phi = 911816+442.631*0=911816
Calculating Jacobian matrix (forced=1)...... 1472.02 s
solve CGLSCDWWtrans with lambda = 0
Performing line search with tau = 0.99
3: Model: min = 0.025132; max = 0.6
3: Response: min = 7.96002e-05; max = 0.0707238
3: rms/rrms(data, Response) = 0.00516709/22.4924%
3: chi^2(data, Response, error, log) = 50590.7
3: Phi = 910633+441.75*0=910633
min/max(dweight) = 12819.6/8.03985e+06
19/01/25 - 18:24:28 - pyGIMLi - [0;32;49mINFO[0m - Starting inversion.
[0.6001]
src x: 36.00097156941047
src z: -0.4361549104070876
Solving sources...
getting magnetic fields...
magnetic field at receivers...
getting output components
Done in 459.06262254714966 seconds!
sigma: [0.2990803  0.03008524]
thicks: [0.6]
src x: 36.00097156941047
src z: -0.4361549104070876
Solving sources...
getting magnetic fields...
magnetic field at receivers...
getting output components
Done in 441.0533661842346 seconds!
sigma: [0.2989803  0.03018524]
thicks: [0.6]
src x: 36.00097156941047
src z: -0.4361549104070876
Solving sources...
getting magnetic fields...
magnetic field at receivers...
getting output components
Done in 461.1565411090851 seconds!
sigma: [0.3        0.02199908]
thicks: [0.6]
src x: 36.00097156941047
src z: -0.4361549104070876
Solving sources...
getting magnetic fields...
magnetic field at receivers...
getting output components
Done in 446.97126483917236 seconds!
sigma: [0.3        0.02473423]
thicks: [0.6]
src x: 36.00097156941047
src z: -0.4361549104070876
Solving sources...
getting magnetic fields...
magnetic field at receivers...
getting output components
Done in 415.55340814590454 seconds!
chi² = 48874.08 (dPhi = 18.10%) lam: 0.0
--------------------------------------------------------------------------------
inv.iter 3 ... sigma: [0.3        0.02473423]
thicks: [0.6]
src x: 36.00097156941047
src z: -0.4361549104070876
Solving sources...
getting magnetic fields...
magnetic field at receivers...
getting output components
Done in 412.7219355106354 seconds!
sigma: [0.3        0.02473423]
thicks: [0.6001]
src x: 36.00097156941047
src z: -0.4361549104070876
Solving sources...
getting magnetic fields...
magnetic field at receivers...
getting output components
Done in 420.1116576194763 seconds!
sigma: [0.3001     0.02473423]
thicks: [0.6]
src x: 36.00097156941047
src z: -0.4361549104070876
Solving sources...
getting magnetic fields...
magnetic field at receivers...
getting output components
Done in 430.6433193683624 seconds!
sigma: [0.3        0.02483423]
thicks: [0.6]
src x: 36.00097156941047
src z: -0.4361549104070876
Solving sources...
getting magnetic fields...
magnetic field at receivers...
getting output components
Done in 442.28182721138 seconds!
sigma: [0.3        0.02511316]
thicks: [0.6]
src x: 36.00097156941047
src z: -0.4361549104070876
Solving sources...
getting magnetic fields...
magnetic field at receivers...
getting output components
Done in 430.7967941761017 seconds!
chi² = 48811.67 (dPhi = 0.13%) lam: 0.0
################################################################################
#                Abort criterion reached: dPhi = 0.13 (< 2.0%)                 #
################################################################################
Initialized
fop: <__main__.FDEM25DModelling object at 0x7fd3634843b0>
Data transformation: <pgcore._pygimli_.RTrans object at 0x7fd363ea5700>
Model transformation (cumulative):
	 0 <pgcore._pygimli_.RTransLogLU object at 0x7fd3635ba7a0>
	 1 <pgcore._pygimli_.RTransLogLU object at 0x7fd3634d3c90>
min/max (data): 1.3e-04/0.08
min/max (error): 0.1%/0.1%
min/max (start model): 0.05/0.6
--------------------------------------------------------------------------------
sigma: [0.05 0.05]
thicks: [0.6]
src x: 37.00107585206056
src z: -0.4346451319426891
Solving sources...
getting magnetic fields...
magnetic field at receivers...
getting output components
Done in 367.41364216804504 seconds!
sigma: [0.05 0.05]
thicks: [0.6]
src x: 37.00107585206056
src z: -0.4346451319426891
Solving sources...
getting magnetic fields...
magnetic field at receivers...
getting output components
Done in 417.3980162143707 seconds!
sigma: [0.05 0.05]
thicks: [0.6001]
src x: 37.00107585206056
src z: -0.4346451319426891
Solving sources...
getting magnetic fields...
magnetic field at receivers...
getting output components
Done in 415.6478853225708 seconds!
sigma: [0.0501 0.05  ]
thicks: [0.6]
src x: 37.00107585206056
src z: -0.4346451319426891
Solving sources...
getting magnetic fields...
magnetic field at receivers...
getting output components
Done in 417.9322371482849 seconds!
sigma: [0.05   0.0501]
thicks: [0.6]
src x: 37.00107585206056
src z: -0.4346451319426891
Solving sources...
getting magnetic fields...
magnetic field at receivers...
getting output components
Done in 409.65159344673157 seconds!
inv.iter 0 ... chi² = 213602.19
--------------------------------------------------------------------------------
inv.iter 1 ... sigma: [0.29905828 0.02967833]
thicks: [0.6]
src x: 37.00107585206056
src z: -0.4346451319426891
Solving sources...
getting magnetic fields...
magnetic field at receivers...
getting output components
Done in 355.12135314941406 seconds!
chi² = 59658.80 (dPhi = 72.07%) lam: 0.0
--------------------------------------------------------------------------------
inv.iter 2 ... sigma: [0.29905828 0.02967833]
thicks: [0.6]
src x: 37.00107585206056
src z: -0.4346451319426891
Solving sources...
getting magnetic fields...
magnetic field at receivers...
getting output components
Done in 344.58364605903625 seconds!
sigma: [0.29905828 0.02967833]
thicks: [0.6001]
src x: 37.00107585206056
src z: -0.4346451319426891
Solving sources...
getting magnetic fields...
magnetic field at receivers...
getting output components
Done in 360.5347275733948 seconds!
sigma: [0.29915828 0.02967833]
thicks: [0.6]
src x: 37.00107585206056
src z: -0.4346451319426891
Solving sources...
getting magnetic fields...
magnetic field at receivers...
getting output components
Done in 336.8858907222748 seconds!
sigma: [0.29905828 0.02977833]
thicks: [0.6]
src x: 37.00107585206056
src z: -0.4346451319426891
Solving sources...
getting magnetic fields...
magnetic field at receivers...
getting output components
Done in 339.77837347984314 seconds!
sigma: [0.3        0.02127753]
thicks: [0.6]
src x: 37.00107585206056
src z: -0.4346451319426891
Solving sources...
getting magnetic fields...
magnetic field at receivers...
getting output components
Done in 336.86438822746277 seconds!
sigma: [0.3        0.02474258]
thicks: [0.6]
src x: 37.00107585206056
src z: -0.4346451319426891
Solving sources...
getting magnetic fields...
magnetic field at receivers...
getting output components
Done in 400.7316493988037 seconds!
chi² = 50656.42 (dPhi = 15.09%) lam: 0.0
--------------------------------------------------------------------------------
inv.iter 3 ... sigma: [0.3        0.02474258]
thicks: [0.6]
src x: 37.00107585206056
src z: -0.4346451319426891
Solving sources...
getting magnetic fields...
magnetic field at receivers...
getting output components
Done in 375.7058539390564 seconds!
sigma: [0.3        0.02474258]
thicks: [0.6001]
src x: 37.00107585206056
src z: -0.4346451319426891
Solving sources...
getting magnetic fields...
magnetic field at receivers...
getting output components
Done in 354.4745104312897 seconds!
sigma: [0.3001     0.02474258]
thicks: [0.6]
src x: 37.00107585206056
src z: -0.4346451319426891
Solving sources...
getting magnetic fields...
magnetic field at receivers...
getting output components
Done in 360.98020911216736 seconds!
sigma: [0.3        0.02484258]
thicks: [0.6]
src x: 37.00107585206056
src z: -0.4346451319426891
Solving sources...
getting magnetic fields...
magnetic field at receivers...
getting output components
Done in 373.706041097641 seconds!
sigma: [0.3        0.02513204]
thicks: [0.6]
src x: 37.00107585206056
src z: -0.4346451319426891
Solving sources...
getting magnetic fields...
magnetic field at receivers...
getting output components
Done in 344.1716239452362 seconds!
chi² = 50590.74 (dPhi = 0.13%) lam: 0.0
################################################################################
#                Abort criterion reached: dPhi = 0.13 (< 2.0%)                 #
################################################################################
Initialized
fop: <__main__.FDEM25DModelling object at 0x7fd3634864d0>
Data transformation: <pgcore._pygimli_.RTrans object at 0x7fd3637fb300>
Model transformation (cumulative):
	 0 <pgcore._pygimli_.RTransLogLU object at 0x7fd3634f5c10>
	 1 <pgcore._pygimli_.RTransLogLU object at 0x7fd3634f6390>
min/max (data): 1.2e-04/0.08
use model trans from RegionManager
min/max(dweight) = 12819.6/8.03985e+06
Building constraints matrix
constraint matrix of size(nBounds x nModel) 1 x 3
check Jacobian: wrong dimensions: (0x0) should be (18x3)  force: 1
jacobian size invalid, forced recalc: 1
Calculating Jacobian matrix (forced=1)...... 1244.76 s
min data = 0.00012438 max data = 0.0780056 (18)
min error = 0.001 max error = 0.001 (18)
min response = 2.96143e-05 max response = 0.0507599 (18)
calc without reference model
0: rms/rrms(data, response) = 0.0109138/45.9904%
0: chi^2(data, response, error, log) = 211512
0: Phi = 3.80721e+06 + 0 * 0 = 3.80721e+06
solve CGLSCDWWtrans with lambda = 0
Performing line search with tau = 1
1: Model: min = 0.0297021; max = 0.6
1: Response: min = 8.58353e-05; max = 0.0745042
1: rms/rrms(data, Response) = 0.00513467/25.0637%
1: chi^2(data, Response, error, log) = 62818.8
1: Phi = 1.13074e+06+63.3354*0=1.13074e+06
Calculating Jacobian matrix (forced=1)...... 1616.03 s
solve CGLSCDWWtrans with lambda = 0
2: LS newModel: min = 0.0214237; max = 0.6
2: LS newResponse: min = 7.72863e-05; max = 0.0678271
2: rms/rrms(data, LS newResponse) = 0.00550929/23.5152%
2: chi^2(data, LS newResponse, error, log) = 55296.6
2: Phi = 995339+450.918*0=995339
Performing line search with tau = 0.62
2: Model: min = 0.0242066; max = 0.6
2: Response: min = 8.02361e-05; max = 0.0701475
2: rms/rrms(data, Response) = 0.00523703/22.5835%
2: chi^2(data, Response, error, log) = 51001.4
2: Phi = 918025+443.872*0=918025
Calculating Jacobian matrix (forced=1)...... 1661.95 s
solve CGLSCDWWtrans with lambda = 0
Performing line search with tau = 0.99
3: Model: min = 0.0245532; max = 0.6
3: Response: min = 8.06104e-05; max = 0.0704354
3: rms/rrms(data, Response) = 0.00521316/22.5717%
3: chi^2(data, Response, error, log) = 50948.1
3: Phi = 917066+443.066*0=917066
min/max(dweight) = 12871.2/8.38097e+06
19/01/25 - 20:09:46 - pyGIMLi - [0;32;49mINFO[0m - Starting inversion.
use model trans from RegionManager
min/max(dweight) = 12871.2/8.38097e+06
Building constraints matrix
constraint matrix of size(nBounds x nModel) 1 x 3
check Jacobian: wrong dimensions: (0x0) should be (18x3)  force: 1
jacobian size invalid, forced recalc: 1
Calculating Jacobian matrix (forced=1)...... 1303.36 s
min data = 0.000119318 max data = 0.077693 (18)
min error = 0.001 max error = 0.001 (18)
min response = 3.04142e-05 max response = 0.0509305 (18)
calc without reference model
0: rms/rrms(data, response) = 0.0107837/46.022%
0: chi^2(data, response, error, log) = 211802
0: Phi = 3.81244e+06 + 0 * 0 = 3.81244e+06
solve CGLSCDWWtrans with lambda = 0
Performing line search with tau = 1
1: Model: min = 0.0295928; max = 0.6
1: Response: min = 8.76736e-05; max = 0.0745891
1: rms/rrms(data, Response) = 0.00519097/25.9289%
1: chi^2(data, Response, error, log) = 67230.7
1: Phi = 1.21015e+06+60.7946*0=1.21015e+06
Calculating Jacobian matrix (forced=1)...... 1511.72 s
solve CGLSCDWWtrans with lambda = 0
2: LS newModel: min = 0.0213986; max = 0.6
2: LS newResponse: min = 7.90997e-05; max = 0.06799
2: rms/rrms(data, LS newResponse) = 0.00545662/23.4001%
2: chi^2(data, LS newResponse, error, log) = 54756.7
2: Phi = 985620+450.987*0=985620
Performing line search with tau = 0.7
min/max (error): 0.1%/0.1%
min/max (start model): 0.05/0.6
--------------------------------------------------------------------------------
sigma: [0.05 0.05]
thicks: [0.6]
src x: 38.00106102726167
src z: -0.4347083299962971
Solving sources...
getting magnetic fields...
magnetic field at receivers...
getting output components
Done in 310.5486912727356 seconds!
sigma: [0.05 0.05]
thicks: [0.6]
src x: 38.00106102726167
src z: -0.4347083299962971
Solving sources...
getting magnetic fields...
magnetic field at receivers...
getting output components
Done in 310.43706941604614 seconds!
sigma: [0.05 0.05]
thicks: [0.6001]
src x: 38.00106102726167
src z: -0.4347083299962971
Solving sources...
getting magnetic fields...
magnetic field at receivers...
getting output components
Done in 294.21415996551514 seconds!
sigma: [0.0501 0.05  ]
thicks: [0.6]
src x: 38.00106102726167
src z: -0.4347083299962971
Solving sources...
getting magnetic fields...
magnetic field at receivers...
getting output components
Done in 323.82172179222107 seconds!
sigma: [0.05   0.0501]
thicks: [0.6]
src x: 38.00106102726167
src z: -0.4347083299962971
Solving sources...
getting magnetic fields...
magnetic field at receivers...
getting output components
Done in 309.25724244117737 seconds!
inv.iter 0 ... chi² = 211511.72
--------------------------------------------------------------------------------
inv.iter 1 ... sigma: [0.29887539 0.02970214]
thicks: [0.6]
src x: 38.00106102726167
src z: -0.4347083299962971
Solving sources...
getting magnetic fields...
magnetic field at receivers...
getting output components
Done in 341.20712327957153 seconds!
chi² = 62818.80 (dPhi = 70.30%) lam: 0.0
--------------------------------------------------------------------------------
inv.iter 2 ... sigma: [0.29887539 0.02970214]
thicks: [0.6]
src x: 38.00106102726167
src z: -0.4347083299962971
Solving sources...
getting magnetic fields...
magnetic field at receivers...
getting output components
Done in 374.73386812210083 seconds!
sigma: [0.29887539 0.02970214]
thicks: [0.6001]
src x: 38.00106102726167
src z: -0.4347083299962971
Solving sources...
getting magnetic fields...
magnetic field at receivers...
getting output components
Done in 429.57630228996277 seconds!
sigma: [0.29897539 0.02970214]
thicks: [0.6]
src x: 38.00106102726167
src z: -0.4347083299962971
Solving sources...
getting magnetic fields...
magnetic field at receivers...
getting output components
Done in 394.72569465637207 seconds!
sigma: [0.29887539 0.02980214]
thicks: [0.6]
src x: 38.00106102726167
src z: -0.4347083299962971
Solving sources...
getting magnetic fields...
magnetic field at receivers...
getting output components
Done in 410.0156886577606 seconds!
sigma: [0.3        0.02142374]
thicks: [0.6]
src x: 38.00106102726167
src z: -0.4347083299962971
Solving sources...
getting magnetic fields...
magnetic field at receivers...
getting output components
Done in 405.2697458267212 seconds!
sigma: [0.3        0.02420658]
thicks: [0.6]
src x: 38.00106102726167
src z: -0.4347083299962971
Solving sources...
getting magnetic fields...
magnetic field at receivers...
getting output components
Done in 377.5480694770813 seconds!
chi² = 51001.36 (dPhi = 18.81%) lam: 0.0
--------------------------------------------------------------------------------
inv.iter 3 ... sigma: [0.3        0.02420658]
thicks: [0.6]
src x: 38.00106102726167
src z: -0.4347083299962971
Solving sources...
getting magnetic fields...
magnetic field at receivers...
getting output components
Done in 390.941703081131 seconds!
sigma: [0.3        0.02420658]
thicks: [0.6001]
src x: 38.00106102726167
src z: -0.4347083299962971
Solving sources...
getting magnetic fields...
magnetic field at receivers...
getting output components
Done in 438.2979066371918 seconds!
sigma: [0.3001     0.02420658]
thicks: [0.6]
src x: 38.00106102726167
src z: -0.4347083299962971
Solving sources...
getting magnetic fields...
magnetic field at receivers...
getting output components
Done in 384.10936284065247 seconds!
sigma: [0.3        0.02430658]
thicks: [0.6]
src x: 38.00106102726167
src z: -0.4347083299962971
Solving sources...
getting magnetic fields...
magnetic field at receivers...
getting output components
Done in 441.06050992012024 seconds!
sigma: [0.3        0.02455323]
thicks: [0.6]
src x: 38.00106102726167
src z: -0.4347083299962971
Solving sources...
getting magnetic fields...
magnetic field at receivers...
getting output components
Done in 351.3435697555542 seconds!
chi² = 50948.10 (dPhi = 0.10%) lam: 0.0
################################################################################
#                 Abort criterion reached: dPhi = 0.1 (< 2.0%)                 #
################################################################################
Initialized
fop: <__main__.FDEM25DModelling object at 0x7fd363487830>
Data transformation: <pgcore._pygimli_.RTrans object at 0x7fd363ea6ab0>
Model transformation (cumulative):
	 0 <pgcore._pygimli_.RTransLogLU object at 0x7fd3634d0a40>
	 1 <pgcore._pygimli_.RTransLogLU object at 0x7fd3634d30b0>
min/max (data): 1.2e-04/0.08
min/max (error): 0.1%/0.1%
min/max (start model): 0.05/0.6
--------------------------------------------------------------------------------
sigma: [0.05 0.05]
thicks: [0.6]
src x: 39.000921942952296
src z: -0.436385717329946
Solving sources...
getting magnetic fields...
magnetic field at receivers...
getting output components
Done in 325.10475730895996 seconds!
sigma: [0.05 0.05]
thicks: [0.6]
src x: 39.000921942952296
src z: -0.436385717329946
Solving sources...
getting magnetic fields...
magnetic field at receivers...
getting output components
Done in 330.02224254608154 seconds!
sigma: [0.05 0.05]
thicks: [0.6001]
src x: 39.000921942952296
src z: -0.436385717329946
Solving sources...
getting magnetic fields...
magnetic field at receivers...
getting output components
Done in 314.45917797088623 seconds!
sigma: [0.0501 0.05  ]
thicks: [0.6]
src x: 39.000921942952296
src z: -0.436385717329946
Solving sources...
getting magnetic fields...
magnetic field at receivers...
getting output components
Done in 322.3765199184418 seconds!
sigma: [0.05   0.0501]
thicks: [0.6]
src x: 39.000921942952296
src z: -0.436385717329946
Solving sources...
getting magnetic fields...
magnetic field at receivers...
getting output components
Done in 328.89405035972595 seconds!
inv.iter 0 ... chi² = 211802.20
--------------------------------------------------------------------------------
inv.iter 1 ... sigma: [0.29867309 0.02959276]
thicks: [0.6]
src x: 39.000921942952296
src z: -0.436385717329946
Solving sources...
getting magnetic fields...
magnetic field at receivers...
getting output components
Done in 350.65653443336487 seconds!
chi² = 67230.67 (dPhi = 68.26%) lam: 0.0
--------------------------------------------------------------------------------
inv.iter 2 ... sigma: [0.29867309 0.02959276]
thicks: [0.6]
src x: 39.000921942952296
src z: -0.436385717329946
Solving sources...
getting magnetic fields...
magnetic field at receivers...
getting output components
Done in 368.28952503204346 seconds!
sigma: [0.29867309 0.02959276]
thicks: [0.6001]
src x: 39.000921942952296
src z: -0.436385717329946
Solving sources...
getting magnetic fields...
magnetic field at receivers...
getting output components
Done in 365.65351366996765 seconds!
sigma: [0.29877309 0.02959276]
thicks: [0.6]
src x: 39.000921942952296
src z: -0.436385717329946
Solving sources...
getting magnetic fields...
magnetic field at receivers...
getting output components
Done in 383.818293094635 seconds!
sigma: [0.29867309 0.02969276]
thicks: [0.6]
src x: 39.000921942952296
src z: -0.436385717329946
Solving sources...
getting magnetic fields...
magnetic field at receivers...
getting output components
Done in 387.1731882095337 seconds!
sigma: [0.3        0.02139857]
thicks: [0.6]
src x: 39.000921942952296
src z: -0.436385717329946
Solving sources...
getting magnetic fields...
magnetic field at receivers...
getting output components
Done in 391.29683804512024 seconds!
sigma: [0.3       0.0235414]
thicks: [0.6]
src x: 39.000921942952296
src z: -0.436385717329946
Solving sources...
2: Model: min = 0.0235414; max = 0.6
2: Response: min = 8.14195e-05; max = 0.0697844
2: rms/rrms(data, Response) = 0.00526235/22.8172%
2: chi^2(data, Response, error, log) = 52062.3
2: Phi = 937121+445.46*0=937121
Calculating Jacobian matrix (forced=1)...... 1457.15 s
solve CGLSCDWWtrans with lambda = 0
Performing line search with tau = 0.99
3: Model: min = 0.0238403; max = 0.6
3: Response: min = 8.17478e-05; max = 0.070034
3: rms/rrms(data, Response) = 0.00524212/22.8082%
3: chi^2(data, Response, error, log) = 52021.5
3: Phi = 936387+444.74*0=936387
min/max(dweight) = 13144.5/8.56259e+06
19/01/25 - 21:51:05 - pyGIMLi - [0;32;49mINFO[0m - Starting inversion.
use model trans from RegionManager
min/max(dweight) = 13144.5/8.56259e+06
Building constraints matrix
constraint matrix of size(nBounds x nModel) 1 x 3
check Jacobian: wrong dimensions: (0x0) should be (18x3)  force: 1
jacobian size invalid, forced recalc: 1
Calculating Jacobian matrix (forced=1)...... 1493.2 s
min data = 0.000116787 max data = 0.0760774 (18)
min error = 0.001 max error = 0.001 (18)
min response = 3.13247e-05 max response = 0.0511016 (18)
calc without reference model
0: rms/rrms(data, response) = 0.0104463/46.195%
0: chi^2(data, response, error, log) = 213398
0: Phi = 3.84116e+06 + 0 * 0 = 3.84116e+06
solve CGLSCDWWtrans with lambda = 0
Performing line search with tau = 0.99
1: Model: min = 0.0294194; max = 0.6
1: Response: min = 8.97612e-05; max = 0.0746298
1: rms/rrms(data, Response) = 0.00508691/26.5312%
1: chi^2(data, Response, error, log) = 70390.7
1: Phi = 1.26703e+06+59.2313*0=1.26703e+06
Calculating Jacobian matrix (forced=1)...... 1996.24 s
solve CGLSCDWWtrans with lambda = 0
2: LS newModel: min = 0.021242; max = 0.6
2: LS newResponse: min = 8.10495e-05; max = 0.0680433
2: rms/rrms(data, LS newResponse) = 0.00517116/23.182%
2: chi^2(data, LS newResponse, error, log) = 53740.7
2: Phi = 967333+451.419*0=967333
Performing line search with tau = 0.77
2: Model: min = 0.0228575; max = 0.6
2: Response: min = 8.28393e-05; max = 0.0694022
2: rms/rrms(data, Response) = 0.00504811/22.8086%
2: chi^2(data, Response, error, log) = 52023.4
2: Phi = 936421+447.153*0=936421
Calculating Jacobian matrix (forced=1)...... 1648.51 s
solve CGLSCDWWtrans with lambda = 0
Performing line search with tau = 0.99
3: Model: min = 0.0231741; max = 0.6
3: Response: min = 8.31941e-05; max = 0.0696679
3: rms/rrms(data, Response) = 0.00503017/22.7983%
3: chi^2(data, Response, error, log) = 51976.3
3: Phi = 935574+446.361*0=935574
getting magnetic fields...
magnetic field at receivers...
getting output components
Done in 363.95539355278015 seconds!
chi² = 52062.28 (dPhi = 22.56%) lam: 0.0
--------------------------------------------------------------------------------
inv.iter 3 ... sigma: [0.3       0.0235414]
thicks: [0.6]
src x: 39.000921942952296
src z: -0.436385717329946
Solving sources...
getting magnetic fields...
magnetic field at receivers...
getting output components
Done in 388.03047156333923 seconds!
sigma: [0.3       0.0235414]
thicks: [0.6001]
src x: 39.000921942952296
src z: -0.436385717329946
Solving sources...
getting magnetic fields...
magnetic field at receivers...
getting output components
Done in 352.4182827472687 seconds!
sigma: [0.3001    0.0235414]
thicks: [0.6]
src x: 39.000921942952296
src z: -0.436385717329946
Solving sources...
getting magnetic fields...
magnetic field at receivers...
getting output components
Done in 360.1692898273468 seconds!
sigma: [0.3       0.0236414]
thicks: [0.6]
src x: 39.000921942952296
src z: -0.436385717329946
Solving sources...
getting magnetic fields...
magnetic field at receivers...
getting output components
Done in 349.5578546524048 seconds!
sigma: [0.3        0.02384026]
thicks: [0.6]
src x: 39.000921942952296
src z: -0.436385717329946
Solving sources...
getting magnetic fields...
magnetic field at receivers...
getting output components
Done in 366.853066444397 seconds!
chi² = 52021.48 (dPhi = 0.08%) lam: 0.0
################################################################################
#                Abort criterion reached: dPhi = 0.08 (< 2.0%)                 #
################################################################################
Initialized
fop: <__main__.FDEM25DModelling object at 0x7fd3634f6de0>
Data transformation: <pgcore._pygimli_.RTrans object at 0x7fd363ea5700>
Model transformation (cumulative):
	 0 <pgcore._pygimli_.RTransLogLU object at 0x7fd3634f5260>
	 1 <pgcore._pygimli_.RTransLogLU object at 0x7fd3634f5350>
min/max (data): 1.2e-04/0.08
min/max (error): 0.1%/0.1%
min/max (start model): 0.05/0.6
--------------------------------------------------------------------------------
sigma: [0.05 0.05]
thicks: [0.6]
src x: 40.000657128214236
src z: -0.43970900992175965
Solving sources...
getting magnetic fields...
magnetic field at receivers...
getting output components
Done in 301.2026216983795 seconds!
sigma: [0.05 0.05]
thicks: [0.6]
src x: 40.000657128214236
src z: -0.43970900992175965
Solving sources...
getting magnetic fields...
magnetic field at receivers...
getting output components
Done in 352.6324100494385 seconds!
sigma: [0.05 0.05]
thicks: [0.6001]
src x: 40.000657128214236
src z: -0.43970900992175965
Solving sources...
getting magnetic fields...
magnetic field at receivers...
getting output components
Done in 402.95318484306335 seconds!
sigma: [0.0501 0.05  ]
thicks: [0.6]
src x: 40.000657128214236
src z: -0.43970900992175965
Solving sources...
getting magnetic fields...
magnetic field at receivers...
getting output components
Done in 368.70032954216003 seconds!
sigma: [0.05   0.0501]
thicks: [0.6]
src x: 40.000657128214236
src z: -0.43970900992175965
Solving sources...
getting magnetic fields...
magnetic field at receivers...
getting output components
Done in 359.48377656936646 seconds!
inv.iter 0 ... chi² = 213397.66
--------------------------------------------------------------------------------
inv.iter 1 ... sigma: [0.29852161 0.02941938]
thicks: [0.6]
src x: 40.000657128214236
src z: -0.43970900992175965
Solving sources...
getting magnetic fields...
magnetic field at receivers...
getting output components
Done in 387.8757610321045 seconds!
chi² = 70390.65 (dPhi = 67.01%) lam: 0.0
--------------------------------------------------------------------------------
inv.iter 2 ... sigma: [0.29852161 0.02941938]
thicks: [0.6]
src x: 40.000657128214236
src z: -0.43970900992175965
Solving sources...
getting magnetic fields...
magnetic field at receivers...
getting output components
Done in 452.03008913993835 seconds!
sigma: [0.29852161 0.02941938]
thicks: [0.6001]
src x: 40.000657128214236
src z: -0.43970900992175965
Solving sources...
getting magnetic fields...
magnetic field at receivers...
getting output components
Done in 490.12808108329773 seconds!
sigma: [0.29862161 0.02941938]
thicks: [0.6]
src x: 40.000657128214236
src z: -0.43970900992175965
Solving sources...
getting magnetic fields...
magnetic field at receivers...
getting output components
Done in 502.9732747077942 seconds!
sigma: [0.29852161 0.02951938]
thicks: [0.6]
src x: 40.000657128214236
src z: -0.43970900992175965
Solving sources...
getting magnetic fields...
magnetic field at receivers...
getting output components
Done in 541.754387140274 seconds!
sigma: [0.3        0.02124199]
thicks: [0.6]
src x: 40.000657128214236
src z: -0.43970900992175965
Solving sources...
getting magnetic fields...
magnetic field at receivers...
getting output components
Done in 468.26343870162964 seconds!
sigma: [0.3        0.02285751]
thicks: [0.6]
src x: 40.000657128214236
src z: -0.43970900992175965
Solving sources...
getting magnetic fields...
magnetic field at receivers...
getting output components
Done in 407.64138412475586 seconds!
chi² = 52023.38 (dPhi = 26.09%) lam: 0.0
--------------------------------------------------------------------------------
inv.iter 3 ... sigma: [0.3        0.02285751]
thicks: [0.6]
src x: 40.000657128214236
src z: -0.43970900992175965
Solving sources...
getting magnetic fields...
magnetic field at receivers...
getting output components
Done in 391.0047552585602 seconds!
sigma: [0.3        0.02285751]
thicks: [0.6001]
src x: 40.000657128214236
src z: -0.43970900992175965
Solving sources...
getting magnetic fields...
magnetic field at receivers...
getting output components
Done in 413.19828748703003 seconds!
sigma: [0.3001     0.02285751]
thicks: [0.6]
src x: 40.000657128214236
src z: -0.43970900992175965
Solving sources...
getting magnetic fields...
magnetic field at receivers...
getting output components
Done in 414.00001406669617 seconds!
sigma: [0.3        0.02295751]
thicks: [0.6]
src x: 40.000657128214236
src z: -0.43970900992175965
Solving sources...
getting magnetic fields...
magnetic field at receivers...
getting output components
Done in 421.52027583122253 seconds!
sigma: [0.3        0.02317406]
thicks: [0.6]
src x: 40.000657128214236
src z: -0.43970900992175965
Solving sources...
getting magnetic fields...
magnetic field at receivers...
getting output components
Done in 433.05467462539673 seconds!
chi² = 51976.32 (dPhi = 0.09%) lam: 0.0
################################################################################
#                Abort criterion reached: dPhi = 0.09 (< 2.0%)                 #
################################################################################

Done in 297534.15189528465 seconds!
